"id","value","userId","placeId"
1,4,1,1
2,3,1,2
3,5,1,3
4,4,1,4
5,5,1,5
6,4,1,6
7,3,1,7
8,5,1,8
9,4,1,9
10,4,1,10
11,4,1,11
12,5,1,12
13,5,1,14
14,4,1,15
15,3,1,16
16,3,1,17
17,2,1,18
18,3,1,19
19,5,1,20
20,2,1,21
21,4,1,22
22,5,1,23
23,5,1,24
24,5,1,25
25,1,1,26
26,3,1,27
27,5,1,28
28,2,1,29
29,2,1,30
30,2,1,31
31,3,1,32
32,3,1,33
33,3,1,34
34,3,1,35
35,5,1,36
36,5,1,37
37,3,1,38
38,3,1,39
39,3,1,40
40,5,1,41
41,3,1,42
42,3,1,43
43,3,1,44
44,3,1,45
45,5,1,46
46,5,1,47
47,3,1,48
48,4,1,49
49,4,1,50
50,3,1,51
51,5,1,53
52,3,1,54
53,4,1,55
54,3,1,56
55,3,1,57
56,5,1,58
57,3,1,59
58,3,1,60
59,3,1,61
60,4,1,62
61,5,1,63
62,5,1,64
63,5,1,65
64,4,1,66
65,3,1,67
66,3,1,68
67,3,1,69
68,2,1,70
69,4,1,71
70,5,1,72
71,3,1,73
72,5,1,74
73,3,1,75
74,3,1,76
75,5,1,77
76,3,1,78
77,3,1,79
78,3,1,80
79,3,1,81
80,5,1,82
81,5,1,83
82,3,1,84
83,3,1,85
84,3,1,86
85,3,1,87
86,5,1,88
87,2,1,89
88,5,1,90
89,5,1,91
90,3,1,92
91,2,1,93
92,3,1,94
93,3,1,95
94,4,1,96
95,3,1,97
96,4,1,98
97,5,1,99
98,3,1,100
99,3,1,101
100,5,1,102
101,3,1,103
102,4,1,104
103,3,1,105
104,4,1,106
105,4,1,107
106,4,1,108
107,5,1,109
108,3,1,110
109,5,1,111
110,5,1,112
111,3,1,113
112,4,1,114
113,3,1,115
114,3,1,116
115,4,1,117
116,2,1,118
117,3,1,119
118,5,1,120
119,2,1,121
120,2,1,122
121,3,1,123
122,4,1,124
123,3,1,125
124,4,1,126
125,3,1,127
126,3,1,128
127,3,1,129
128,3,1,130
129,2,1,131
130,3,1,132
131,4,1,133
132,4,1,134
133,3,1,135
134,3,1,136
135,3,1,137
136,5,1,138
137,3,1,139
138,3,1,141
139,4,1,142
140,3,1,143
141,3,1,144
142,5,1,145
143,3,1,146
144,5,1,147
145,5,1,148
146,5,1,149
147,3,1,150
148,5,2,1
149,1,2,2
150,3,2,4
151,5,2,6
152,4,2,7
153,5,2,18
154,5,2,19
155,5,2,20
156,3,2,26
157,5,2,27
158,5,2,28
159,5,2,31
160,5,2,33
161,5,2,36
162,5,2,37
163,5,2,48
164,5,2,58
165,5,2,102
166,5,2,105
167,5,2,147
168,5,2,148
169,5,2,149
170,4,3,1
171,5,3,4
172,4,3,6
173,5,3,11
174,5,3,20
175,5,3,23
176,3,3,26
177,5,3,28
178,5,3,36
179,5,3,37
180,4,3,46
181,4,3,54
182,4,3,58
183,4,3,59
184,4,3,64
185,5,3,77
186,5,3,83
187,5,3,91
188,5,3,99
189,5,3,102
190,4,3,104
191,3,3,110
192,5,3,147
193,5,3,148
194,5,3,149
195,3,4,1
196,2,4,2
197,3,4,3
198,4,4,4
199,3,4,5
200,4,4,6
201,4,4,7
202,4,4,10
203,4,4,12
204,5,4,23
205,3,4,26
206,4,4,28
207,4,4,31
208,4,4,32
209,2,4,33
210,3,4,36
211,2,4,38
212,4,4,40
213,4,4,46
214,4,4,58
215,3,4,59
216,3,4,64
217,4,4,72
218,5,4,74
219,4,4,82
220,2,4,83
221,3,4,90
222,3,4,91
223,4,4,99
224,2,4,103
225,1,4,122
226,1,4,136
227,3,4,137
228,3,4,148
229,3,5,1
230,3,5,2
231,3,5,3
232,3,5,4
233,3,5,5
234,3,5,6
235,3,5,7
236,3,5,8
237,4,5,10
238,3,5,12
239,4,5,14
240,5,5,23
241,4,5,24
242,5,5,25
243,3,5,26
244,5,5,28
245,3,5,31
246,5,5,33
247,3,5,35
248,5,5,36
249,3,5,38
250,1,5,39
251,5,5,41
252,5,5,43
253,3,5,46
254,1,5,58
255,2,5,59
256,3,5,63
257,5,5,72
258,5,5,79
259,4,5,80
260,4,5,82
261,5,5,87
262,5,5,97
263,4,5,137
264,4,5,147
265,4,5,148
266,4,5,149
267,5,6,1
268,5,6,2
269,5,6,4
270,5,6,6
271,5,6,7
272,5,6,12
273,5,6,28
274,5,6,33
275,5,6,36
276,5,6,58
277,5,6,70
278,5,6,81
279,5,6,82
280,5,6,83
281,5,6,91
282,5,6,96
283,5,6,103
284,5,6,136
285,5,6,141
286,5,6,144
287,5,6,147
288,5,6,148
289,5,6,149
290,3,7,1
291,3,7,2
292,5,7,3
293,3,7,4
294,5,7,5
295,4,7,6
296,3,7,7
297,5,7,9
298,5,7,10
299,3,7,18
300,5,7,20
301,4,7,23
302,4,7,24
303,2,7,26
304,4,7,27
305,5,7,28
306,4,7,29
307,3,7,32
308,3,7,35
309,5,7,36
310,4,7,37
311,2,7,38
312,4,7,41
313,5,7,46
314,4,7,49
315,3,7,53
316,5,7,54
317,3,7,58
318,3,7,62
319,3,7,64
320,3,7,66
321,3,7,69
322,4,7,72
323,3,7,73
324,5,7,74
325,4,7,77
326,5,7,82
327,4,7,83
328,3,7,84
329,5,7,87
330,4,7,88
331,4,7,90
332,4,7,91
333,3,7,104
334,5,7,117
335,3,7,120
336,2,7,136
337,4,7,137
338,4,7,145
339,5,7,147
340,5,7,148
341,5,7,149
342,4,7,150
343,5,8,1
344,3,8,2
345,4,8,3
346,5,8,4
347,3,8,5
348,4,8,6
349,2,8,7
350,3,8,8
351,3,8,9
352,4,8,10
353,4,8,11
354,4,8,12
355,2,8,14
356,3,8,15
357,4,8,16
358,3,8,17
359,5,8,18
360,5,8,19
361,5,8,20
362,4,8,21
363,4,8,22
364,5,8,23
365,5,8,24
366,5,8,25
367,5,8,26
368,5,8,27
369,4,8,28
370,5,8,29
371,5,8,30
372,5,8,31
373,5,8,41
374,5,8,46
375,5,8,49
376,5,8,50
377,5,8,54
378,5,8,58
379,5,8,59
380,5,8,64
381,5,8,72
382,5,8,74
383,5,8,77
384,4,8,82
385,5,8,83
386,5,8,90
387,5,8,92
388,5,8,97
389,5,8,99
390,5,8,102
391,5,8,103
392,4,8,104
393,4,8,105
394,5,8,129
395,3,8,147
396,3,8,148
397,3,8,149
398,4,9,1
399,3,9,2
400,5,9,3
401,4,9,6
402,4,9,7
403,5,9,19
404,5,9,23
405,4,9,26
406,5,9,28
407,5,9,36
408,4,9,37
409,5,9,46
410,4,9,58
411,5,9,91
412,2,10,1
413,3,10,2
414,4,10,3
415,3,10,4
416,3,10,6
417,3,10,7
418,3,10,18
419,3,10,20
420,4,10,23
421,3,10,25
422,3,10,26
423,4,10,28
424,4,10,36
425,4,10,37
426,2,10,38
427,4,10,46
428,4,10,49
429,4,10,53
430,3,10,58
431,5,10,82
432,3,10,83
433,4,10,87
434,3,10,91
435,3,10,102
436,2,10,103
437,3,10,144
438,4,10,147
439,4,10,148
440,4,10,149
441,4,10,150
442,5,11,1
443,4,11,2
444,4,11,3
445,5,11,4
446,4,11,5
447,4,11,6
448,4,11,7
449,5,11,20
450,5,11,23
451,5,11,25
452,3,11,26
453,4,11,33
454,4,11,38
455,5,11,39
456,5,11,41
457,4,11,45
458,4,11,49
459,5,11,53
460,4,11,54
461,4,11,58
462,3,11,64
463,5,11,72
464,4,11,77
465,4,11,83
466,5,11,84
467,4,11,88
468,5,11,90
469,4,11,91
470,4,11,99
471,3,11,122
472,5,11,129
473,5,11,130
474,3,11,133
475,4,11,136
476,4,11,137
477,5,12,1
478,5,12,2
479,5,12,3
480,5,12,4
481,5,12,5
482,5,12,6
483,5,12,7
484,4,12,8
485,4,12,9
486,5,12,10
487,5,12,11
488,5,12,12
489,5,12,14
490,5,12,15
491,3,12,16
492,3,12,17
493,4,12,18
494,4,12,19
495,5,12,20
496,4,12,21
497,3,12,22
498,5,12,23
499,5,12,24
500,3,12,25
501,2,12,26
502,3,12,27
503,4,12,28
504,3,12,29
505,3,12,30
506,4,12,31
507,3,12,32
508,4,12,33
509,4,12,34
510,3,12,35
511,5,12,36
512,4,12,37
513,4,12,38
514,2,12,39
515,4,12,40
516,4,12,41
517,4,12,42
518,4,12,43
519,5,12,44
520,5,12,45
521,5,12,49
522,4,12,51
523,5,12,53
524,4,12,54
525,3,12,58
526,4,12,59
527,5,12,60
528,5,12,61
529,2,12,62
530,4,12,63
531,5,12,64
532,5,12,65
533,5,12,72
534,4,12,82
535,3,12,83
536,5,12,84
537,5,12,87
538,4,12,88
539,5,12,90
540,4,12,92
541,5,12,94
542,5,12,96
543,5,12,97
544,5,12,98
545,5,12,99
546,5,12,100
547,5,12,101
548,5,12,102
549,3,12,103
550,3,12,104
551,3,12,105
552,3,12,106
553,2,12,107
554,3,12,110
555,5,12,129
556,5,12,130
557,5,12,134
558,3,12,135
559,3,12,136
560,4,12,137
561,5,12,141
562,5,12,143
563,3,13,2
564,4,13,4
565,4,13,6
566,4,13,7
567,4,13,18
568,4,13,23
569,2,13,26
570,4,13,32
571,4,13,72
572,3,14,1
573,3,14,2
574,5,14,3
575,3,14,4
576,4,14,5
577,3,14,6
578,3,14,7
579,3,14,8
580,3,14,9
581,4,14,11
582,3,14,16
583,3,14,18
584,3,14,19
585,5,14,20
586,5,14,23
587,3,14,25
588,2,14,26
589,4,14,28
590,5,14,36
591,5,14,37
592,2,14,38
593,4,14,39
594,4,14,40
595,3,14,46
596,2,14,48
597,2,14,49
598,4,14,58
599,3,14,65
600,4,14,72
601,4,14,74
602,4,14,77
603,5,14,82
604,4,14,83
605,4,14,84
606,4,14,87
607,5,14,88
608,5,14,90
609,4,14,91
610,4,14,99
611,4,14,117
612,3,14,122
613,3,14,136
614,3,14,144
615,5,14,147
616,4,14,148
617,5,14,149
618,4,15,1
619,3,15,2
620,3,15,3
621,4,15,4
622,3,15,5
623,3,15,6
624,3,15,7
625,3,15,8
626,3,15,16
627,4,15,18
628,4,15,19
629,4,15,20
630,3,15,21
631,4,15,22
632,4,15,24
633,4,15,25
634,2,15,26
635,3,15,30
636,5,15,36
637,4,15,38
638,3,15,39
639,4,15,49
640,4,15,54
641,4,15,58
642,4,15,77
643,4,15,82
644,4,15,83
645,4,15,87
646,3,15,90
647,3,15,91
648,3,15,92
649,3,15,120
650,3,15,122
651,3,15,147
652,3,15,148
653,3,15,149
654,5,16,1
655,5,16,2
656,5,16,3
657,5,16,4
658,5,16,5
659,5,16,6
660,5,16,7
661,5,16,8
662,5,16,9
663,5,16,10
664,5,16,11
665,5,16,12
666,5,16,14
667,5,16,15
668,5,16,16
669,5,16,17
670,5,16,18
671,5,16,19
672,5,16,20
673,5,16,21
674,5,16,22
675,5,16,23
676,5,16,24
677,5,16,25
678,5,16,26
679,5,16,27
680,5,16,28
681,5,16,29
682,5,16,30
683,5,16,31
684,5,16,32
685,5,16,33
686,5,16,34
687,5,16,35
688,5,16,36
689,5,16,37
690,5,16,38
691,5,16,39
692,5,16,40
693,5,16,41
694,5,16,42
695,5,16,43
696,5,16,44
697,5,16,45
698,5,16,46
699,5,16,47
700,5,16,48
701,5,16,49
702,5,16,50
703,5,16,51
704,5,16,53
705,5,16,54
706,5,16,55
707,5,16,56
708,5,16,57
709,5,16,58
710,5,16,59
711,5,16,60
712,5,16,61
713,5,16,62
714,5,16,63
715,5,16,64
716,5,16,65
717,5,16,66
718,5,16,67
719,3,16,68
720,5,16,69
721,5,16,70
722,5,16,71
723,5,16,72
724,5,16,73
725,5,16,74
726,5,16,75
727,5,16,76
728,5,16,77
729,5,16,78
730,5,16,79
731,5,16,80
732,5,16,81
733,5,16,82
734,5,16,83
735,5,16,84
736,5,16,85
737,5,16,86
738,5,16,87
739,5,16,88
740,5,16,89
741,5,16,90
742,5,16,91
743,5,16,92
744,5,16,93
745,5,16,94
746,5,16,95
747,5,16,96
748,5,16,97
749,5,16,98
750,5,16,99
751,5,16,100
752,5,16,101
753,5,16,102
754,5,16,103
755,5,16,104
756,5,16,105
757,5,16,106
758,5,16,107
759,5,16,108
760,5,16,109
761,5,16,110
762,5,16,111
763,5,16,112
764,5,16,113
765,5,16,114
766,5,16,115
767,5,16,116
768,5,16,117
769,5,16,118
770,5,16,119
771,5,16,120
772,5,16,121
773,5,16,122
774,5,16,123
775,5,16,124
776,5,16,125
777,5,16,126
778,5,16,127
779,5,16,128
780,5,16,129
781,5,16,130
782,5,16,131
783,5,16,132
784,5,16,133
785,5,16,134
786,5,16,135
787,5,16,136
788,5,16,137
789,5,16,138
790,5,16,139
791,5,16,141
792,5,16,142
793,5,16,143
794,5,16,144
795,5,16,145
796,5,16,146
797,5,16,147
798,5,16,148
799,5,16,149
800,5,16,150
801,5,17,1
802,5,17,2
803,5,17,3
804,3,17,4
805,5,17,6
806,3,17,7
807,3,17,18
808,3,17,19
809,5,17,20
810,3,17,22
811,5,17,23
812,5,17,26
813,5,17,39
814,2,17,51
815,5,17,54
816,5,17,58
817,3,17,64
818,5,18,1
819,4,18,2
820,5,18,3
821,4,18,4
822,5,18,5
823,5,18,6
824,3,18,7
825,4,18,8
826,4,18,18
827,4,18,19
828,4,18,20
829,4,18,22
830,5,18,23
831,4,18,24
832,5,18,25
833,3,18,26
834,3,18,27
835,5,18,28
836,4,18,31
837,3,18,33
838,3,18,34
839,2,18,35
840,5,18,36
841,5,18,37
842,3,18,38
843,4,18,42
844,4,18,46
845,5,18,49
846,4,18,50
847,5,18,58
848,5,18,60
849,5,18,61
850,5,18,63
851,5,18,64
852,5,18,65
853,4,18,72
854,4,18,74
855,5,18,79
856,4,18,80
857,4,18,82
858,4,18,84
859,5,18,87
860,4,18,88
861,5,18,90
862,3,18,91
863,5,18,92
864,4,18,93
865,3,18,95
866,4,18,96
867,5,18,97
868,5,18,99
869,5,18,102
870,3,18,122
871,5,18,130
872,3,18,134
873,3,18,136
874,5,18,137
875,4,18,141
876,4,18,145
877,4,18,147
878,4,18,148
879,4,18,149
880,5,19,1
881,4,19,2
882,5,19,3
883,5,19,4
884,5,19,6
885,5,19,7
886,3,19,18
887,3,19,19
888,5,19,20
889,5,19,23
890,4,19,25
891,4,19,26
892,3,19,28
893,4,19,31
894,5,19,32
895,5,19,36
896,5,19,40
897,5,19,41
898,4,19,45
899,4,19,46
900,5,19,49
901,5,19,53
902,5,19,54
903,3,19,58
904,4,19,61
905,4,19,63
906,5,19,64
907,5,19,65
908,4,19,72
909,4,19,77
910,5,19,79
911,5,19,82
912,4,19,83
913,5,19,88
914,5,19,90
915,5,19,91
916,4,19,97
917,5,19,102
918,5,19,122
919,5,19,123
920,5,19,136
921,5,19,137
922,5,19,147
923,4,20,1
924,3,20,2
925,5,20,3
926,4,20,4
927,3,20,5
928,5,20,6
929,4,20,7
930,3,20,8
931,2,20,9
932,1,20,10
933,3,20,11
934,4,20,12
935,5,20,14
936,5,20,15
937,3,20,16
938,4,20,17
939,4,20,18
940,4,20,19
941,4,20,20
942,3,20,21
943,2,20,22
944,5,20,23
945,5,20,24
946,3,20,25
947,3,20,26
948,3,20,27
949,5,20,28
950,3,20,29
951,3,20,30
952,3,20,31
953,3,20,32
954,3,20,33
955,3,20,34
956,4,20,36
957,3,20,37
958,3,20,38
959,4,20,39
960,4,20,40
961,4,20,41
962,4,20,42
963,2,20,127
964,3,20,136
965,4,20,137
966,4,20,138
967,3,20,142
968,3,20,147
969,3,20,148
970,3,20,149
971,2,20,150
972,3,21,1
973,3,21,2
974,4,21,3
975,2,21,4
976,1,21,5
977,2,21,6
978,4,21,7
979,3,21,8
980,1,21,16
981,2,21,18
982,5,21,19
983,2,21,20
984,3,21,22
985,4,21,23
986,4,21,25
987,1,21,26
988,2,21,28
989,2,21,31
990,2,21,36
991,3,21,41
992,1,21,45
993,5,21,49
994,5,21,53
995,2,21,54
996,2,21,58
997,2,21,61
998,3,21,64
999,4,21,72
1000,3,21,79
1001,1,21,82
1002,1,21,83
1003,4,21,90
1004,2,21,91
1005,2,21,92
1006,2,21,96
1007,2,21,102
1008,1,21,103
1009,1,21,104
1010,1,21,105
1011,1,21,110
1012,1,21,120
1013,1,21,121
1014,3,21,130
1015,1,21,136
1016,3,21,137
1017,2,21,147
1018,2,21,148
1019,3,21,149
1020,3,22,1
1021,3,22,2
1022,5,22,3
1023,4,22,4
1024,3,22,5
1025,3,22,6
1026,4,22,7
1027,3,22,8
1028,4,22,18
1029,5,22,19
1030,3,22,20
1031,5,22,23
1032,5,22,24
1033,3,22,25
1034,2,22,26
1035,4,22,28
1036,2,22,31
1037,2,22,32
1038,4,22,36
1039,4,22,37
1040,5,22,39
1041,4,22,40
1042,5,22,46
1043,5,22,51
1044,5,22,53
1045,4,22,58
1046,5,22,61
1047,5,22,63
1048,5,22,65
1049,5,22,72
1050,4,22,74
1051,5,22,82
1052,4,22,83
1053,4,22,86
1054,5,22,88
1055,4,22,90
1056,4,22,91
1057,4,22,97
1058,4,22,102
1059,5,22,107
1060,4,22,130
1061,4,22,147
1062,4,22,148
1063,4,22,149
1064,2,23,1
1065,1,23,2
1066,1,23,4
1067,2,23,5
1068,1,23,6
1069,2,23,7
1070,1,23,9
1071,1,23,10
1072,1,23,18
1073,1,23,19
1074,2,23,20
1075,1,23,22
1076,1,23,23
1077,3,23,25
1078,2,23,26
1079,2,23,32
1080,4,23,36
1081,1,23,39
1082,1,23,53
1083,2,23,58
1084,1,23,82
1085,2,23,83
1086,1,23,87
1087,3,23,122
1088,1,23,130
1089,1,23,136
1090,1,23,145
1091,2,23,148
1092,1,23,149
1093,4,24,1
1094,5,24,3
1095,4,24,6
1096,4,24,7
1097,5,24,8
1098,5,24,12
1099,5,24,20
1100,5,24,23
1101,4,24,25
1102,5,24,28
1103,4,24,31
1104,4,24,32
1105,3,24,38
1106,5,24,41
1107,4,24,54
1108,4,24,58
1109,4,24,59
1110,5,24,72
1111,4,24,86
1112,4,24,91
1113,4,24,93
1114,3,24,95
1115,3,24,96
1116,3,24,122
1117,5,25,1
1118,5,25,2
1119,5,25,3
1120,5,25,4
1121,5,25,5
1122,5,25,6
1123,5,25,7
1124,3,25,8
1125,1,25,9
1126,1,25,10
1127,1,25,11
1128,1,25,12
1129,1,25,14
1130,1,25,15
1131,5,25,16
1132,1,25,17
1133,5,25,18
1134,1,25,19
1135,1,25,20
1136,1,25,21
1137,1,25,22
1138,5,25,23
1139,1,25,24
1140,5,25,25
1141,5,25,26
1142,3,25,27
1143,5,25,28
1144,1,25,29
1145,1,25,30
1146,5,25,31
1147,1,25,32
1148,5,25,33
1149,5,25,34
1150,5,25,35
1151,5,25,36
1152,1,25,37
1153,5,25,38
1154,1,25,39
1155,1,25,40
1156,1,25,41
1157,1,25,42
1158,1,25,43
1159,1,25,44
1160,5,25,45
1161,1,25,46
1162,1,25,47
1163,5,25,48
1164,5,25,49
1165,1,25,50
1166,5,25,51
1167,5,25,53
1168,1,25,54
1169,1,25,55
1170,1,25,56
1171,1,25,57
1172,5,25,58
1173,5,25,59
1174,3,25,60
1175,1,25,61
1176,1,25,62
1177,5,25,63
1178,5,25,64
1179,1,25,65
1180,5,25,66
1181,1,25,67
1182,1,25,68
1183,5,25,69
1184,1,25,70
1185,1,25,71
1186,1,25,72
1187,1,25,73
1188,1,25,74
1189,5,25,75
1190,1,25,76
1191,1,25,77
1192,1,25,78
1193,5,25,79
1194,1,25,80
1195,1,25,81
1196,3,25,82
1197,5,25,83
1198,1,25,84
1199,1,25,85
1200,1,25,86
1201,5,25,87
1202,1,25,88
1203,1,25,89
1204,5,25,90
1205,5,25,91
1206,5,25,92
1207,1,25,93
1208,1,25,94
1209,1,25,95
1210,1,25,96
1211,5,25,97
1212,1,25,98
1213,1,25,99
1214,1,25,100
1215,1,25,101
1216,5,25,102
1217,5,25,103
1218,5,25,104
1219,5,25,105
1220,1,25,106
1221,1,25,107
1222,1,25,108
1223,1,25,109
1224,1,25,110
1225,1,25,111
1226,1,25,112
1227,1,25,113
1228,1,25,114
1229,1,25,115
1230,1,25,116
1231,1,25,117
1232,3,25,118
1233,1,25,119
1234,1,25,120
1235,5,25,121
1236,5,25,122
1237,3,25,123
1238,1,25,124
1239,1,25,125
1240,1,25,126
1241,1,25,127
1242,1,25,128
1243,1,25,129
1244,3,25,130
1245,1,25,131
1246,1,25,132
1247,1,25,133
1248,1,25,134
1249,1,25,135
1250,5,25,136
1251,5,25,137
1252,1,25,138
1253,1,25,139
1254,1,25,141
1255,1,25,142
1256,1,25,143
1257,3,25,144
1258,1,25,145
1259,1,25,146
1260,5,25,147
1261,5,25,148
1262,5,25,149
1263,1,25,150
1264,4,26,1
1265,4,26,2
1266,4,26,3
1267,4,26,4
1268,3,26,6
1269,4,26,7
1270,3,26,12
1271,4,26,23
1272,3,26,25
1273,3,26,26
1274,4,26,36
1275,3,26,41
1276,3,26,43
1277,4,26,46
1278,4,26,49
1279,3,26,58
1280,4,26,72
1281,4,26,82
1282,3,26,83
1283,3,26,87
1284,3,26,88
1285,4,26,91
1286,3,26,95
1287,3,26,96
1288,4,26,97
1289,3,26,113
1290,3,26,119
1291,3,27,1
1292,3,27,2
1293,4,27,3
1294,4,27,4
1295,4,27,5
1296,3,27,6
1297,3,27,7
1298,5,27,20
1299,4,27,25
1300,4,27,41
1301,4,27,49
1302,3,27,54
1303,3,27,58
1304,4,27,64
1305,3,27,65
1306,3,27,74
1307,3,27,87
1308,4,27,90
1309,3,27,99
1310,5,27,119
1311,3,27,130
1312,3,27,136
1313,4,28,1
1314,4,28,2
1315,5,28,3
1316,5,28,4
1317,5,28,5
1318,4,28,6
1319,4,28,7
1320,5,28,8
1321,5,28,9
1322,5,28,10
1323,5,28,11
1324,5,28,12
1325,5,28,14
1326,5,28,15
1327,4,28,16
1328,4,28,17
1329,4,28,18
1330,4,28,19
1331,4,28,20
1332,4,28,21
1333,4,28,22
1334,5,28,23
1335,5,28,24
1336,4,28,25
1337,4,28,26
1338,4,28,27
1339,5,28,28
1340,5,28,29
1341,4,28,30
1342,4,28,31
1343,4,28,32
1344,4,28,33
1345,4,28,34
1346,4,28,35
1347,5,28,36
1348,5,28,37
1349,3,28,38
1350,4,28,39
1351,5,28,40
1352,4,28,41
1353,4,28,42
1354,4,28,43
1355,4,28,45
1356,5,28,46
1357,4,28,47
1358,4,28,48
1359,4,28,49
1360,4,28,50
1361,4,28,51
1362,5,28,53
1363,4,28,54
1364,4,28,55
1365,4,28,56
1366,4,28,57
1367,4,28,58
1368,4,28,59
1369,4,28,60
1370,4,28,61
1371,3,28,62
1372,4,28,63
1373,3,28,64
1374,3,28,65
1375,3,28,66
1376,3,28,67
1377,4,28,68
1378,3,28,69
1379,3,28,70
1380,3,28,71
1381,3,28,72
1382,3,28,73
1383,4,28,74
1384,3,28,75
1385,3,28,76
1386,4,28,77
1387,3,28,78
1388,3,28,79
1389,3,28,80
1390,3,28,81
1391,5,28,82
1392,5,28,83
1393,5,28,84
1394,4,28,85
1395,4,28,86
1396,4,28,87
1397,4,28,88
1398,4,28,89
1399,4,28,90
1400,4,28,91
1401,5,28,92
1402,4,28,93
1403,4,28,94
1404,4,28,95
1405,4,28,96
1406,3,28,97
1407,3,28,98
1408,4,28,99
1409,4,28,100
1410,4,28,101
1411,3,28,102
1412,4,28,103
1413,3,28,104
1414,3,28,105
1415,3,28,106
1416,4,28,107
1417,3,28,109
1418,4,28,110
1419,3,28,111
1420,3,28,112
1421,3,28,113
1422,4,28,114
1423,4,28,115
1424,3,28,116
1425,4,28,117
1426,4,28,118
1427,4,28,119
1428,4,28,120
1429,3,28,121
1430,3,28,122
1431,3,28,123
1432,4,28,124
1433,4,28,125
1434,4,28,126
1435,4,28,127
1436,3,28,128
1437,3,28,129
1438,4,28,130
1439,4,28,131
1440,4,28,132
1441,3,28,133
1442,4,28,134
1443,4,28,135
1444,4,28,136
1445,5,28,137
1446,4,28,138
1447,4,28,139
1448,4,28,141
1449,4,28,142
1450,4,28,143
1451,4,28,144
1452,5,28,145
1453,5,28,146
1454,5,28,147
1455,5,28,148
1456,5,28,149
1457,5,28,150
1458,2,29,1
1459,1,29,2
1460,1,29,3
1461,1,29,4
1462,1,29,6
1463,1,29,7
1464,3,29,9
1465,5,29,10
1466,1,29,12
1467,1,29,16
1468,4,29,18
1469,1,29,19
1470,1,29,20
1471,3,29,23
1472,1,29,24
1473,1,29,26
1474,1,29,28
1475,1,29,33
1476,1,29,35
1477,1,29,36
1478,1,29,37
1479,1,29,38
1480,1,29,42
1481,1,29,46
1482,4,29,48
1483,1,29,49
1484,1,29,51
1485,1,29,53
1486,1,29,54
1487,1,29,58
1488,1,29,59
1489,1,29,63
1490,1,29,64
1491,1,29,66
1492,1,29,74
1493,1,29,77
1494,1,29,82
1495,1,29,83
1496,1,29,90
1497,1,29,102
1498,1,29,103
1499,1,29,105
1500,1,29,121
1501,1,29,122
1502,1,29,125
1503,1,29,136
1504,1,29,137
1505,1,29,147
1506,1,29,148
1507,1,29,149
1508,1,29,150
1509,5,30,1
1510,4,30,2
1511,4,30,26
1512,4,31,1
1513,4,31,2
1514,5,31,3
1515,4,31,4
1516,5,31,5
1517,4,31,6
1518,4,31,7
1519,4,31,8
1520,4,31,9
1521,5,31,10
1522,5,31,11
1523,5,31,12
1524,5,31,14
1525,5,31,15
1526,5,31,16
1527,5,31,17
1528,4,31,18
1529,3,31,19
1530,4,31,20
1531,4,31,21
1532,4,31,22
1533,5,31,23
1534,5,31,24
1535,5,31,25
1536,3,31,26
1537,4,31,27
1538,5,31,28
1539,5,31,29
1540,5,31,30
1541,4,31,31
1542,5,31,32
1543,4,31,33
1544,4,31,34
1545,4,31,35
1546,5,31,36
1547,4,31,37
1548,4,31,38
1549,5,31,39
1550,5,31,40
1551,5,31,41
1552,4,31,42
1553,4,31,43
1554,4,31,44
1555,4,31,45
1556,5,31,46
1557,4,31,47
1558,4,31,48
1559,4,31,49
1560,4,31,50
1561,4,31,51
1562,4,31,53
1563,4,31,54
1564,4,31,55
1565,4,31,56
1566,4,31,57
1567,5,31,58
1568,4,31,59
1569,4,31,60
1570,5,31,61
1571,4,31,62
1572,5,31,63
1573,5,31,64
1574,5,31,65
1575,4,31,66
1576,4,31,67
1577,5,31,68
1578,5,31,69
1579,4,31,70
1580,3,31,71
1581,5,31,72
1582,4,31,73
1583,5,31,74
1584,4,31,75
1585,4,31,76
1586,4,31,77
1587,4,31,78
1588,4,31,79
1589,4,31,80
1590,4,31,81
1591,5,31,82
1592,5,31,83
1593,4,31,84
1594,4,31,85
1595,4,31,86
1596,5,31,87
1597,5,31,88
1598,4,31,89
1599,5,31,90
1600,5,31,91
1601,5,31,92
1602,4,31,93
1603,3,31,94
1604,4,31,95
1605,5,31,96
1606,4,31,97
1607,3,31,98
1608,4,31,99
1609,4,31,100
1610,5,31,101
1611,5,31,102
1612,4,31,103
1613,4,31,104
1614,4,31,105
1615,4,31,106
1616,5,31,107
1617,5,31,108
1618,5,31,109
1619,4,31,110
1620,4,31,111
1621,4,31,112
1622,4,31,113
1623,4,31,114
1624,4,31,115
1625,4,31,116
1626,5,31,117
1627,5,31,118
1628,5,31,119
1629,5,31,120
1630,5,31,121
1631,4,31,122
1632,4,31,123
1633,4,31,124
1634,4,31,125
1635,4,31,126
1636,4,31,127
1637,5,31,128
1638,4,31,129
1639,5,31,130
1640,4,31,131
1641,4,31,132
1642,4,31,133
1643,5,31,134
1644,5,31,135
1645,5,31,136
1646,4,31,137
1647,5,31,138
1648,5,31,139
1649,4,31,141
1650,4,31,142
1651,3,31,143
1652,4,31,144
1653,4,31,145
1654,4,31,146
1655,5,31,147
1656,5,31,148
1657,5,31,149
1658,5,31,150
1659,4,32,1
1660,3,32,2
1661,4,32,3
1662,4,32,4
1663,4,32,5
1664,4,32,6
1665,4,32,7
1666,4,32,8
1667,4,32,9
1668,4,32,10
1669,4,32,11
1670,4,32,12
1671,4,32,14
1672,4,32,15
1673,4,32,16
1674,4,32,17
1675,4,32,18
1676,4,32,19
1677,5,32,20
1678,4,32,21
1679,4,32,22
1680,5,32,23
1681,5,32,24
1682,5,32,25
1683,3,32,26
1684,4,32,27
1685,5,32,28
1686,4,32,29
1687,4,32,30
1688,4,32,31
1689,3,32,32
1690,3,32,33
1691,3,32,34
1692,3,32,35
1693,4,32,36
1694,4,32,37
1695,3,32,38
1696,4,32,39
1697,5,32,40
1698,5,32,41
1699,4,32,42
1700,5,32,43
1701,4,32,44
1702,4,32,45
1703,5,32,46
1704,4,32,47
1705,4,32,48
1706,5,32,49
1707,5,32,50
1708,4,32,51
1709,5,32,53
1710,4,32,54
1711,3,32,55
1712,4,32,56
1713,4,32,57
1714,4,32,58
1715,3,32,59
1716,4,32,60
1717,4,32,61
1718,4,32,62
1719,4,32,63
1720,4,32,64
1721,4,32,65
1722,3,32,66
1723,3,32,67
1724,3,32,68
1725,4,32,69
1726,4,32,70
1727,4,32,71
1728,4,32,72
1729,4,32,73
1730,4,32,74
1731,4,32,75
1732,4,32,76
1733,4,32,77
1734,4,32,78
1735,4,32,79
1736,4,32,80
1737,4,32,81
1738,4,32,82
1739,4,32,83
1740,4,32,84
1741,3,32,85
1742,3,32,86
1743,4,32,87
1744,4,32,88
1745,4,32,89
1746,4,32,90
1747,3,32,91
1748,4,32,92
1749,4,32,93
1750,4,32,94
1751,4,32,95
1752,4,32,96
1753,4,32,97
1754,4,32,98
1755,3,32,99
1756,3,32,100
1757,3,32,101
1758,3,32,102
1759,3,32,103
1760,3,32,104
1761,3,32,105
1762,3,32,106
1763,4,32,107
1764,4,32,108
1765,3,32,109
1766,3,32,110
1767,3,32,111
1768,3,32,112
1769,3,32,113
1770,3,32,114
1771,4,32,115
1772,4,32,116
1773,4,32,117
1774,3,32,118
1775,3,32,119
1776,4,32,120
1777,4,32,121
1778,4,32,122
1779,3,32,123
1780,4,32,124
1781,3,32,125
1782,4,32,126
1783,4,32,127
1784,4,32,128
1785,3,32,129
1786,3,32,130
1787,3,32,131
1788,3,32,132
1789,3,32,133
1790,3,32,134
1791,4,32,135
1792,4,32,136
1793,4,32,137
1794,4,32,138
1795,4,32,139
1796,3,32,141
1797,3,32,142
1798,3,32,143
1799,3,32,144
1800,3,32,145
1801,4,32,146
1802,4,32,147
1803,4,32,148
1804,4,32,149
1805,4,32,150
1806,4,33,3
1807,3,33,4
1808,3,33,6
1809,3,33,38
1810,3,33,58
1811,4,34,1
1812,3,34,2
1813,5,34,3
1814,4,34,4
1815,4,34,5
1816,5,34,6
1817,3,34,7
1818,4,34,18
1819,5,34,19
1820,5,34,20
1821,4,34,22
1822,5,34,23
1823,5,34,25
1824,4,34,26
1825,5,34,28
1826,5,34,36
1827,4,34,38
1828,4,34,39
1829,5,34,41
1830,5,34,46
1831,4,34,49
1832,3,34,55
1833,4,34,58
1834,4,34,64
1835,5,34,72
1836,5,34,77
1837,5,34,82
1838,5,34,87
1839,4,34,90
1840,4,34,96
1841,4,35,2
1842,3,35,3
1843,3,35,7
1844,5,35,20
1845,5,35,23
1846,2,35,25
1847,4,35,33
1848,5,35,49
1849,5,35,53
1850,3,35,54
1851,5,35,64
1852,5,35,72
1853,3,35,102
1854,5,35,122
1855,5,35,129
1856,5,35,130
1857,4,36,1
1858,5,36,2
1859,5,36,3
1860,4,36,4
1861,4,36,5
1862,5,36,6
1863,5,36,7
1864,5,36,8
1865,4,36,9
1866,4,36,10
1867,5,36,11
1868,5,36,12
1869,5,36,14
1870,4,36,15
1871,5,36,16
1872,4,36,17
1873,5,36,18
1874,5,36,19
1875,5,36,20
1876,5,36,21
1877,5,36,22
1878,5,36,23
1879,5,36,24
1880,4,36,25
1881,3,36,27
1882,4,36,28
1883,5,36,29
1884,4,36,30
1885,5,36,31
1886,5,36,32
1887,4,36,33
1888,5,36,34
1889,3,36,35
1890,4,36,36
1891,5,36,37
1892,4,36,38
1893,5,36,39
1894,5,36,40
1895,5,36,41
1896,5,36,42
1897,5,36,43
1898,4,36,44
1899,5,36,45
1900,5,36,46
1901,5,36,47
1902,5,36,48
1903,5,36,49
1904,4,36,50
1905,5,36,51
1906,5,36,53
1907,4,36,54
1908,4,36,55
1909,4,36,56
1910,5,36,57
1911,3,36,58
1912,5,36,59
1913,5,36,60
1914,5,36,61
1915,2,36,62
1916,5,36,63
1917,4,36,64
1918,5,36,65
1919,5,36,66
1920,5,36,67
1921,5,36,68
1922,5,36,69
1923,3,36,70
1924,5,36,71
1925,5,36,72
1926,5,36,73
1927,4,36,74
1928,5,36,75
1929,4,36,76
1930,5,36,77
1931,5,36,78
1932,5,36,79
1933,5,36,80
1934,5,36,81
1935,4,36,82
1936,5,36,83
1937,4,36,85
1938,5,36,86
1939,4,36,87
1940,5,36,88
1941,5,36,89
1942,5,36,90
1943,5,36,91
1944,5,36,92
1945,5,36,93
1946,5,36,94
1947,5,36,95
1948,5,36,96
1949,5,36,97
1950,5,36,98
1951,5,36,99
1952,5,36,100
1953,5,36,101
1954,5,36,102
1955,5,36,103
1956,5,36,104
1957,5,36,105
1958,5,36,106
1959,4,36,107
1960,5,36,108
1961,4,36,109
1962,5,36,110
1963,4,36,111
1964,5,36,112
1965,5,36,113
1966,5,36,114
1967,5,36,115
1968,4,36,116
1969,5,36,117
1970,5,36,118
1971,5,36,119
1972,5,36,120
1973,5,36,121
1974,5,36,122
1975,5,36,123
1976,5,36,124
1977,5,36,125
1978,5,36,126
1979,5,36,127
1980,3,36,128
1981,5,36,129
1982,5,36,130
1983,5,36,131
1984,3,36,132
1985,3,36,133
1986,4,36,134
1987,4,36,135
1988,5,36,136
1989,5,36,137
1990,5,36,138
1991,5,36,139
1992,5,36,141
1993,5,36,142
1994,5,36,143
1995,5,36,144
1996,4,36,145
1997,5,36,146
1998,5,36,147
1999,5,36,149
2000,5,36,150
2001,3,37,1
2002,3,37,2
2003,2,37,3
2004,4,37,4
2005,3,37,5
2006,3,37,6
2007,3,37,7
2008,3,37,8
2009,3,37,9
2010,5,37,10
2011,5,37,11
2012,5,37,12
2013,5,37,14
2014,5,37,15
2015,5,37,16
2016,4,37,17
2017,4,37,18
2018,4,37,19
2019,2,37,20
2020,5,37,21
2021,5,37,22
2022,5,37,23
2023,5,37,24
2024,5,37,25
2025,3,37,26
2026,5,37,27
2027,2,37,28
2028,5,37,31
2029,5,37,33
2030,3,37,34
2031,3,37,35
2032,5,37,36
2033,5,37,37
2034,2,37,38
2035,4,37,39
2036,5,37,40
2037,5,37,41
2038,5,37,42
2039,5,37,43
2040,5,37,44
2041,5,37,45
2042,5,37,46
2043,4,37,47
2044,2,37,48
2045,4,37,49
2046,5,37,50
2047,5,37,51
2048,5,37,53
2049,2,37,54
2050,2,37,55
2051,3,37,56
2052,3,37,58
2053,5,37,59
2054,3,37,60
2055,5,37,61
2056,5,37,62
2057,5,37,63
2058,5,37,64
2059,5,37,65
2060,5,37,66
2061,5,37,67
2062,5,37,68
2063,5,37,69
2064,5,37,70
2065,5,37,71
2066,5,37,72
2067,3,37,73
2068,5,37,74
2069,5,37,75
2070,5,37,76
2071,3,37,77
2072,5,37,78
2073,4,37,79
2074,4,37,80
2075,5,37,81
2076,5,37,82
2077,4,37,83
2078,5,37,84
2079,5,37,87
2080,5,37,88
2081,5,37,91
2082,5,37,92
2083,5,37,93
2084,5,37,96
2085,5,37,97
2086,5,37,98
2087,5,37,101
2088,5,37,102
2089,5,37,103
2090,5,37,104
2091,3,37,110
2092,5,37,115
2093,5,37,117
2094,5,37,118
2095,5,37,120
2096,5,37,122
2097,4,37,124
2098,3,37,125
2099,3,37,126
2100,5,37,127
2101,5,37,128
2102,5,37,129
2103,5,37,130
2104,3,37,134
2105,5,37,136
2106,5,37,138
2107,2,37,141
2108,5,37,142
2109,5,37,143
2110,3,37,144
2111,4,37,145
2112,5,37,147
2113,3,37,148
2114,5,37,149
2115,5,37,150
2116,4,38,1
2117,3,38,2
2118,5,38,3
2119,5,38,4
2120,5,38,5
2121,5,38,6
2122,5,38,7
2123,3,38,8
2124,3,38,9
2125,3,38,10
2126,3,38,11
2127,3,38,12
2128,3,38,14
2129,3,38,15
2130,3,38,16
2131,3,38,17
2132,3,38,18
2133,3,38,19
2134,5,38,20
2135,3,38,21
2136,3,38,22
2137,5,38,23
2138,1,38,24
2139,3,38,25
2140,2,38,26
2141,2,38,27
2142,5,38,28
2143,2,38,29
2144,2,38,30
2145,2,38,31
2146,2,38,32
2147,5,38,33
2148,3,38,34
2149,2,38,35
2150,2,38,36
2151,2,38,37
2152,5,38,38
2153,3,38,39
2154,5,38,40
2155,5,38,41
2156,2,38,42
2157,4,38,43
2158,2,38,44
2159,3,38,45
2160,5,38,46
2161,3,38,47
2162,5,38,48
2163,5,38,49
2164,5,38,50
2165,2,38,51
2166,5,38,53
2167,2,38,54
2168,2,38,55
2169,5,38,56
2170,1,38,57
2171,1,38,58
2172,2,38,59
2173,5,38,60
2174,2,38,61
2175,2,38,62
2176,2,38,63
2177,4,38,64
2178,2,38,65
2179,2,38,66
2180,2,38,67
2181,4,38,68
2182,2,38,69
2183,2,38,70
2184,2,38,71
2185,4,38,72
2186,2,38,73
2187,2,38,74
2188,2,38,75
2189,2,38,76
2190,5,38,77
2191,5,38,78
2192,5,38,79
2193,5,38,80
2194,5,38,81
2195,5,38,82
2196,3,38,83
2197,2,38,84
2198,2,38,85
2199,2,38,86
2200,5,38,87
2201,2,38,88
2202,2,38,89
2203,5,38,90
2204,5,38,91
2205,2,38,92
2206,5,38,93
2207,2,38,94
2208,5,38,95
2209,5,38,96
2210,2,38,97
2211,2,38,98
2212,2,38,99
2213,2,38,100
2214,2,38,101
2215,2,38,102
2216,2,38,103
2217,2,38,104
2218,2,38,105
2219,2,38,106
2220,5,38,107
2221,1,38,108
2222,1,38,109
2223,2,38,110
2224,2,38,111
2225,2,38,112
2226,2,38,113
2227,2,38,114
2228,2,38,115
2229,2,38,116
2230,2,38,117
2231,5,38,118
2232,1,38,119
2233,2,38,120
2234,2,38,121
2235,5,38,122
2236,5,38,123
2237,2,38,124
2238,1,38,125
2239,1,38,126
2240,1,38,127
2241,1,38,128
2242,1,38,129
2243,1,38,130
2244,3,38,131
2245,2,38,132
2246,2,38,133
2247,2,38,134
2248,2,38,135
2249,5,38,136
2250,5,38,137
2251,1,38,138
2252,1,38,139
2253,5,38,141
2254,2,38,142
2255,5,38,143
2256,2,38,144
2257,2,38,145
2258,2,38,146
2259,3,38,147
2260,3,38,148
2261,3,38,149
2262,5,38,150
2263,5,39,1
2264,5,39,2
2265,5,39,3
2266,5,39,4
2267,5,39,5
2268,5,39,6
2269,5,39,7
2270,5,39,8
2271,5,39,9
2272,5,39,10
2273,5,39,11
2274,5,39,12
2275,5,39,14
2276,5,39,15
2277,5,39,16
2278,5,39,17
2279,5,39,18
2280,5,39,19
2281,5,39,20
2282,5,39,21
2283,5,39,22
2284,5,39,23
2285,5,39,24
2286,5,39,25
2287,5,39,26
2288,5,39,27
2289,5,39,28
2290,5,39,29
2291,5,39,30
2292,5,39,31
2293,5,39,32
2294,5,39,33
2295,5,39,34
2296,5,39,35
2297,5,39,36
2298,5,39,37
2299,5,39,38
2300,5,39,39
2301,5,39,40
2302,5,39,41
2303,5,39,43
2304,5,39,44
2305,5,39,46
2306,5,39,47
2307,5,39,48
2308,5,39,49
2309,5,39,50
2310,5,39,51
2311,5,39,53
2312,5,39,54
2313,5,39,55
2314,5,39,56
2315,5,39,57
2316,5,39,58
2317,5,39,59
2318,5,39,60
2319,5,39,61
2320,5,39,62
2321,5,39,63
2322,5,39,64
2323,5,39,65
2324,5,39,66
2325,5,39,67
2326,5,39,68
2327,5,39,69
2328,5,39,70
2329,5,39,71
2330,5,39,72
2331,5,39,73
2332,5,39,74
2333,5,39,75
2334,5,39,76
2335,5,39,77
2336,5,39,78
2337,5,39,79
2338,5,39,80
2339,5,39,81
2340,5,39,82
2341,5,39,83
2342,5,39,84
2343,5,39,85
2344,5,39,86
2345,5,39,87
2346,5,39,88
2347,5,39,89
2348,5,39,90
2349,5,39,91
2350,5,39,92
2351,5,39,93
2352,5,39,94
2353,5,39,95
2354,5,39,96
2355,5,39,97
2356,5,39,98
2357,5,39,99
2358,5,39,100
2359,5,39,101
2360,5,39,102
2361,5,39,103
2362,5,39,104
2363,5,39,105
2364,5,39,106
2365,5,39,107
2366,5,39,108
2367,5,39,109
2368,5,39,110
2369,5,39,111
2370,5,39,112
2371,5,39,113
2372,5,39,114
2373,5,39,115
2374,5,39,116
2375,5,39,117
2376,5,39,118
2377,5,39,119
2378,5,39,120
2379,5,39,121
2380,5,39,122
2381,5,39,123
2382,5,39,124
2383,5,39,125
2384,5,39,126
2385,5,39,127
2386,5,39,128
2387,5,39,129
2388,5,39,130
2389,5,39,131
2390,5,39,132
2391,5,39,133
2392,5,39,134
2393,5,39,135
2394,5,39,136
2395,5,39,137
2396,5,39,138
2397,5,39,139
2398,5,39,141
2399,5,39,142
2400,5,39,143
2401,5,39,144
2402,5,39,145
2403,5,39,146
2404,5,39,147
2405,5,39,148
2406,5,39,149
2407,5,39,150
2408,3,40,1
2409,4,40,2
2410,5,40,3
2411,5,40,4
2412,5,40,6
2413,2,40,7
2414,3,40,8
2415,3,40,18
2416,5,40,23
2417,5,40,25
2418,2,40,26
2419,3,40,31
2420,3,40,33
2421,3,40,36
2422,3,40,38
2423,4,40,45
2424,4,40,58
2425,5,40,59
2426,3,40,63
2427,3,40,64
2428,5,40,72
2429,4,40,74
2430,3,40,77
2431,4,40,79
2432,3,40,81
2433,4,40,84
2434,4,40,87
2435,3,40,91
2436,3,40,136
2437,2,40,138
2438,3,40,141
2439,3,40,145
2440,5,41,1
2441,5,41,2
2442,5,41,3
2443,5,41,4
2444,5,41,5
2445,5,41,6
2446,5,41,7
2447,5,41,8
2448,5,41,9
2449,4,41,10
2450,4,41,11
2451,4,41,12
2452,4,41,14
2453,4,41,15
2454,5,41,16
2455,5,41,18
2456,5,41,19
2457,5,41,20
2458,5,41,21
2459,5,41,22
2460,5,41,23
2461,5,41,24
2462,5,41,25
2463,5,41,26
2464,5,41,27
2465,5,41,28
2466,5,41,30
2467,5,41,31
2468,5,41,33
2469,5,41,34
2470,5,41,36
2471,5,41,37
2472,5,41,38
2473,5,41,39
2474,5,41,40
2475,5,41,41
2476,5,41,42
2477,5,41,43
2478,5,41,46
2479,5,41,48
2480,5,41,49
2481,5,41,50
2482,5,41,51
2483,5,41,53
2484,5,41,54
2485,5,41,55
2486,5,41,58
2487,5,41,59
2488,5,41,61
2489,5,41,62
2490,5,41,63
2491,5,41,64
2492,5,41,65
2493,5,41,68
2494,5,41,71
2495,5,41,72
2496,5,41,73
2497,5,41,77
2498,5,41,79
2499,5,41,82
2500,5,41,87
2501,5,41,90
2502,5,41,91
2503,5,41,92
2504,5,41,93
2505,5,41,94
2506,5,41,98
2507,5,41,99
2508,5,41,102
2509,5,41,103
2510,5,41,104
2511,5,41,105
2512,1,41,106
2513,5,41,107
2514,5,41,110
2515,5,41,117
2516,5,41,120
2517,5,41,129
2518,5,41,130
2519,3,41,134
2520,5,41,135
2521,5,41,136
2522,5,41,137
2523,5,41,139
2524,5,41,143
2525,5,41,144
2526,5,41,147
2527,5,41,148
2528,5,41,149
2529,5,41,150
2530,4,42,1
2531,3,42,2
2532,3,42,3
2533,3,42,4
2534,3,42,5
2535,3,42,6
2536,3,42,7
2537,3,42,8
2538,3,42,9
2539,3,42,10
2540,3,42,11
2541,3,42,12
2542,3,42,14
2543,4,42,15
2544,3,42,16
2545,3,42,17
2546,3,42,18
2547,4,42,19
2548,5,42,20
2549,3,42,21
2550,3,42,22
2551,5,42,23
2552,3,42,24
2553,5,42,25
2554,3,42,26
2555,3,42,27
2556,3,42,28
2557,3,42,29
2558,3,42,30
2559,3,42,31
2560,3,42,32
2561,3,42,33
2562,3,42,34
2563,3,42,35
2564,3,42,36
2565,3,42,37
2566,3,42,38
2567,3,42,39
2568,3,42,40
2569,3,42,41
2570,2,42,42
2571,2,42,43
2572,2,42,44
2573,2,42,45
2574,3,42,46
2575,2,42,47
2576,2,42,48
2577,3,42,49
2578,2,42,50
2579,2,42,51
2580,2,42,53
2581,2,42,54
2582,2,42,55
2583,3,42,56
2584,3,42,57
2585,3,42,58
2586,3,42,59
2587,3,42,60
2588,3,42,61
2589,3,42,62
2590,3,42,63
2591,3,42,64
2592,3,42,65
2593,3,42,66
2594,3,42,67
2595,3,42,68
2596,3,42,69
2597,3,42,70
2598,3,42,71
2599,3,42,72
2600,3,42,73
2601,3,42,74
2602,3,42,75
2603,3,42,76
2604,3,42,77
2605,3,42,78
2606,3,42,79
2607,3,42,80
2608,3,42,81
2609,3,42,82
2610,3,42,83
2611,3,42,84
2612,3,42,85
2613,3,42,86
2614,3,42,87
2615,3,42,88
2616,3,42,89
2617,3,42,90
2618,3,42,91
2619,3,42,92
2620,3,42,93
2621,3,42,94
2622,3,42,95
2623,3,42,96
2624,3,42,97
2625,3,42,98
2626,2,42,99
2627,3,42,100
2628,3,42,101
2629,3,42,102
2630,3,42,103
2631,4,42,104
2632,2,42,105
2633,2,42,106
2634,4,42,107
2635,2,42,108
2636,2,42,109
2637,2,42,110
2638,2,42,111
2639,2,42,112
2640,2,42,113
2641,2,42,114
2642,3,42,115
2643,2,42,116
2644,3,42,117
2645,3,42,118
2646,2,42,119
2647,3,42,120
2648,3,42,121
2649,3,42,122
2650,3,42,123
2651,3,42,124
2652,3,42,125
2653,3,42,126
2654,3,42,127
2655,3,42,128
2656,3,42,129
2657,3,42,130
2658,3,42,131
2659,3,42,132
2660,3,42,133
2661,3,42,134
2662,3,42,135
2663,4,42,136
2664,3,42,137
2665,3,42,138
2666,3,42,139
2667,3,42,141
2668,3,42,142
2669,3,42,143
2670,3,42,144
2671,4,42,145
2672,3,42,146
2673,5,42,147
2674,5,42,148
2675,5,42,149
2676,4,42,150
2677,5,43,1
2678,3,43,2
2679,3,43,3
2680,3,43,4
2681,3,43,5
2682,3,43,6
2683,3,43,7
2684,3,43,8
2685,3,43,9
2686,3,43,10
2687,3,43,11
2688,3,43,12
2689,3,43,14
2690,3,43,15
2691,3,43,16
2692,3,43,17
2693,3,43,18
2694,3,43,19
2695,3,43,20
2696,3,43,21
2697,3,43,22
2698,5,43,23
2699,4,43,24
2700,4,43,25
2701,3,43,26
2702,3,43,27
2703,3,43,28
2704,3,43,29
2705,3,43,30
2706,3,43,31
2707,4,43,32
2708,4,43,33
2709,4,43,34
2710,4,43,35
2711,4,43,36
2712,4,43,37
2713,4,43,38
2714,4,43,39
2715,4,43,40
2716,5,43,41
2717,4,43,42
2718,4,43,43
2719,3,43,44
2720,3,43,45
2721,4,43,46
2722,4,43,47
2723,4,43,48
2724,4,43,49
2725,4,43,50
2726,3,43,51
2727,3,43,53
2728,4,43,54
2729,3,43,55
2730,3,43,56
2731,3,43,57
2732,4,43,58
2733,4,43,59
2734,4,43,60
2735,3,43,61
2736,3,43,62
2737,3,43,63
2738,3,43,64
2739,3,43,65
2740,4,43,66
2741,4,43,67
2742,4,43,68
2743,4,43,69
2744,4,43,70
2745,5,43,71
2746,5,43,72
2747,5,43,73
2748,4,43,74
2749,3,43,75
2750,4,43,76
2751,4,43,77
2752,4,43,78
2753,4,43,79
2754,4,43,80
2755,4,43,81
2756,5,43,82
2757,4,43,83
2758,5,43,84
2759,4,43,85
2760,5,43,86
2761,4,43,87
2762,4,43,88
2763,3,43,89
2764,4,43,90
2765,4,43,91
2766,4,43,92
2767,5,43,93
2768,5,43,94
2769,4,43,95
2770,4,43,96
2771,4,43,97
2772,4,43,98
2773,4,43,99
2774,4,43,100
2775,5,43,101
2776,4,43,102
2777,4,43,103
2778,5,43,104
2779,4,43,105
2780,4,43,106
2781,4,43,107
2782,4,43,108
2783,3,43,109
2784,3,43,110
2785,3,43,111
2786,4,43,112
2787,4,43,113
2788,4,43,114
2789,4,43,115
2790,4,43,116
2791,4,43,117
2792,4,43,118
2793,3,43,119
2794,3,43,120
2795,3,43,121
2796,3,43,122
2797,3,43,123
2798,3,43,124
2799,3,43,125
2800,3,43,126
2801,3,43,127
2802,3,43,128
2803,3,43,129
2804,3,43,130
2805,3,43,131
2806,3,43,132
2807,3,43,133
2808,3,43,134
2809,3,43,135
2810,3,43,136
2811,4,43,137
2812,4,43,138
2813,3,43,139
2814,3,43,141
2815,3,43,142
2816,2,43,143
2817,3,43,144
2818,4,43,145
2819,5,43,146
2820,5,43,147
2821,5,43,148
2822,5,43,149
2823,5,43,150
2824,5,44,1
2825,4,44,2
2826,5,44,3
2827,4,44,4
2828,4,44,5
2829,5,44,6
2830,5,44,7
2831,4,44,8
2832,5,44,9
2833,5,44,19
2834,5,44,20
2835,5,44,23
2836,4,44,25
2837,5,44,28
2838,4,44,31
2839,5,44,34
2840,5,44,36
2841,4,44,38
2842,5,44,46
2843,4,44,51
2844,5,44,58
2845,5,44,61
2846,5,44,72
2847,5,44,83
2848,4,44,87
2849,5,44,97
2850,5,44,117
2851,5,44,129
2852,5,44,142
2853,5,44,147
2854,5,44,148
2855,3,45,1
2856,4,45,2
2857,5,45,3
2858,4,45,4
2859,5,45,5
2860,5,45,6
2861,4,45,7
2862,5,45,8
2863,4,45,9
2864,4,45,10
2865,4,45,11
2866,4,45,12
2867,3,45,14
2868,3,45,15
2869,3,45,16
2870,3,45,19
2871,3,45,20
2872,5,45,24
2873,4,45,25
2874,4,45,26
2875,4,45,27
2876,5,45,28
2877,4,45,29
2878,4,45,31
2879,5,45,32
2880,5,45,36
2881,5,45,37
2882,4,45,38
2883,4,45,41
2884,4,45,46
2885,4,45,49
2886,4,45,50
2887,4,45,53
2888,4,45,54
2889,5,45,57
2890,5,45,58
2891,4,45,59
2892,4,45,60
2893,4,45,64
2894,4,45,69
2895,4,45,72
2896,5,45,74
2897,4,45,79
2898,4,45,80
2899,5,45,82
2900,5,45,83
2901,4,45,85
2902,5,45,87
2903,5,45,90
2904,5,45,91
2905,4,45,96
2906,3,45,97
2907,5,45,98
2908,4,45,99
2909,4,45,100
2910,4,45,101
2911,4,45,102
2912,3,45,106
2913,4,45,117
2914,4,45,120
2915,4,45,124
2916,4,45,126
2917,5,45,127
2918,4,45,128
2919,4,45,138
2920,3,45,142
2921,4,45,146
2922,4,45,147
2923,4,45,148
2924,5,46,1
2925,4,46,2
2926,4,46,3
2927,5,46,4
2928,3,46,5
2929,4,46,6
2930,4,46,7
2931,4,46,18
2932,4,46,19
2933,5,46,23
2934,3,46,25
2935,4,46,26
2936,5,46,28
2937,3,46,33
2938,4,46,36
2939,4,46,37
2940,3,46,38
2941,3,46,40
2942,5,46,41
2943,5,46,46
2944,5,46,49
2945,4,46,54
2946,4,46,58
2947,3,46,61
2948,5,46,64
2949,4,46,65
2950,4,46,69
2951,5,46,72
2952,4,46,82
2953,4,46,83
2954,4,46,84
2955,4,46,87
2956,5,46,90
2957,4,46,91
2958,4,46,95
2959,4,46,122
2960,5,46,130
2961,2,46,135
2962,3,46,136
2963,5,46,137
2964,5,46,147
2965,5,46,148
2966,5,46,149
2967,5,47,1
2968,5,47,2
2969,5,47,3
2970,5,47,4
2971,5,47,5
2972,5,47,6
2973,5,47,7
2974,5,47,8
2975,4,47,9
2976,5,47,10
2977,5,47,11
2978,5,47,12
2979,4,47,14
2980,4,47,15
2981,5,47,16
2982,5,47,17
2983,5,47,18
2984,5,47,19
2985,5,47,20
2986,5,47,21
2987,5,47,22
2988,5,47,23
2989,5,47,24
2990,5,47,25
2991,4,47,26
2992,4,47,27
2993,5,47,28
2994,4,47,29
2995,4,47,30
2996,5,47,31
2997,4,47,32
2998,4,47,33
2999,4,47,34
3000,4,47,35
3001,5,47,36
3002,4,47,37
3003,4,47,38
3004,5,47,39
3005,5,47,40
3006,5,47,41
3007,5,47,42
3008,5,47,43
3009,5,47,44
3010,5,47,45
3011,5,47,46
3012,4,47,47
3013,5,47,48
3014,5,47,49
3015,5,47,50
3016,5,47,51
3017,5,47,53
3018,3,47,54
3019,4,47,55
3020,4,47,56
3021,4,47,57
3022,5,47,58
3023,5,47,59
3024,5,47,60
3025,5,47,61
3026,5,47,62
3027,5,47,63
3028,5,47,64
3029,5,47,65
3030,5,47,66
3031,4,47,67
3032,4,47,68
3033,4,47,69
3034,4,47,70
3035,5,47,71
3036,5,47,72
3037,4,47,73
3038,4,47,74
3039,4,47,75
3040,5,47,76
3041,5,47,77
3042,5,47,78
3043,5,47,79
3044,5,47,80
3045,5,47,81
3046,5,47,82
3047,5,47,83
3048,5,47,84
3049,5,47,85
3050,5,47,86
3051,5,47,87
3052,5,47,88
3053,5,47,89
3054,5,47,90
3055,5,47,91
3056,5,47,92
3057,5,47,93
3058,5,47,94
3059,5,47,95
3060,5,47,96
3061,5,47,97
3062,4,47,98
3063,4,47,99
3064,4,47,100
3065,4,47,101
3066,4,47,102
3067,4,47,103
3068,4,47,104
3069,4,47,105
3070,4,47,106
3071,4,47,107
3072,4,47,108
3073,4,47,109
3074,4,47,110
3075,5,47,111
3076,5,47,112
3077,5,47,113
3078,5,47,114
3079,5,47,115
3080,5,47,116
3081,5,47,117
3082,5,47,118
3083,5,47,119
3084,5,47,120
3085,4,47,121
3086,4,47,122
3087,4,47,123
3088,4,47,124
3089,4,47,125
3090,4,47,126
3091,5,47,127
3092,4,47,128
3093,4,47,129
3094,5,47,130
3095,5,47,131
3096,4,47,132
3097,4,47,133
3098,4,47,134
3099,4,47,135
3100,4,47,136
3101,5,47,137
3102,5,47,138
3103,4,47,139
3104,4,47,141
3105,4,47,142
3106,4,47,143
3107,4,47,144
3108,3,47,145
3109,3,47,146
3110,5,47,147
3111,5,47,148
3112,5,47,149
3113,4,47,150
3114,4,48,1
3115,4,48,2
3116,5,48,4
3117,4,48,7
3118,4,48,18
3119,5,48,20
3120,5,48,23
3121,3,48,25
3122,3,48,54
3123,4,48,84
3124,5,48,90
3125,3,48,103
3126,3,48,104
3127,3,48,122
3128,4,48,129
3129,5,48,130
3130,2,48,136
3131,5,48,137
3132,3,49,1
3133,4,49,2
3134,5,49,3
3135,5,49,4
3136,4,49,5
3137,4,49,6
3138,4,49,7
3139,5,49,23
3140,5,49,25
3141,3,49,26
3142,4,49,28
3143,5,49,36
3144,4,49,38
3145,4,49,39
3146,5,49,46
3147,4,49,53
3148,4,49,54
3149,4,49,58
3150,3,49,64
3151,4,49,82
3152,4,49,91
3153,4,49,97
3154,4,49,130
3155,5,50,1
3156,4,50,2
3157,3,50,3
3158,5,50,4
3159,3,50,5
3160,5,50,6
3161,5,50,7
3162,5,50,8
3163,3,50,9
3164,3,50,10
3165,3,50,11
3166,3,50,12
3167,3,50,14
3168,3,50,15
3169,3,50,16
3170,3,50,17
3171,5,50,18
3172,3,50,19
3173,5,50,20
3174,3,50,21
3175,3,50,22
3176,5,50,23
3177,3,50,24
3178,4,50,25
3179,3,50,26
3180,3,50,27
3181,5,50,28
3182,3,50,29
3183,3,50,30
3184,3,50,31
3185,3,50,32
3186,4,50,33
3187,3,50,34
3188,3,50,35
3189,3,50,36
3190,3,50,37
3191,3,50,38
3192,3,50,39
3193,3,50,40
3194,3,50,41
3195,3,50,42
3196,3,50,43
3197,3,50,44
3198,3,50,45
3199,3,50,46
3200,3,50,47
3201,3,50,48
3202,3,50,49
3203,3,50,50
3204,3,50,51
3205,3,50,53
3206,3,50,54
3207,3,50,55
3208,3,50,56
3209,3,50,57
3210,5,50,58
3211,3,50,59
3212,3,50,60
3213,3,50,61
3214,3,50,62
3215,3,50,63
3216,3,50,64
3217,3,50,65
3218,3,50,66
3219,3,50,67
3220,3,50,68
3221,3,50,69
3222,3,50,70
3223,3,50,71
3224,3,50,72
3225,3,50,73
3226,3,50,74
3227,3,50,75
3228,3,50,76
3229,4,50,77
3230,3,50,78
3231,3,50,79
3232,3,50,80
3233,3,50,81
3234,3,50,82
3235,3,50,83
3236,3,50,84
3237,3,50,85
3238,3,50,86
3239,5,50,87
3240,3,50,88
3241,3,50,89
3242,3,50,90
3243,5,50,91
3244,4,50,92
3245,3,50,93
3246,3,50,94
3247,3,50,95
3248,3,50,96
3249,5,50,97
3250,3,50,98
3251,3,50,99
3252,3,50,100
3253,3,50,101
3254,3,50,102
3255,3,50,103
3256,3,50,104
3257,3,50,105
3258,3,50,106
3259,3,50,107
3260,3,50,108
3261,3,50,109
3262,3,50,110
3263,3,50,111
3264,3,50,112
3265,3,50,113
3266,3,50,114
3267,3,50,115
3268,3,50,116
3269,3,50,117
3270,3,50,118
3271,3,50,119
3272,3,50,120
3273,3,50,121
3274,3,50,122
3275,3,50,123
3276,3,50,124
3277,3,50,125
3278,3,50,126
3279,3,50,127
3280,3,50,128
3281,3,50,129
3282,3,50,130
3283,3,50,131
3284,3,50,132
3285,3,50,133
3286,3,50,134
3287,3,50,135
3288,3,50,136
3289,5,50,137
3290,3,50,138
3291,3,50,139
3292,3,50,141
3293,3,50,142
3294,3,50,143
3295,3,50,144
3296,3,50,145
3297,3,50,146
3298,3,50,147
3299,3,50,148
3300,3,50,149
3301,3,50,150
3302,4,51,1
3303,4,51,2
3304,4,51,3
3305,4,51,4
3306,3,51,5
3307,3,51,6
3308,4,51,9
3309,4,51,12
3310,5,51,18
3311,4,51,19
3312,5,51,20
3313,5,51,22
3314,5,51,23
3315,3,51,25
3316,3,51,26
3317,4,51,28
3318,3,51,31
3319,3,51,36
3320,4,51,37
3321,4,51,39
3322,4,51,40
3323,5,51,41
3324,3,51,42
3325,4,51,45
3326,4,51,49
3327,5,51,50
3328,4,51,53
3329,4,51,54
3330,3,51,58
3331,3,51,59
3332,3,51,61
3333,4,51,62
3334,3,51,63
3335,4,51,64
3336,4,51,65
3337,3,51,68
3338,4,51,69
3339,5,51,72
3340,5,51,74
3341,5,51,79
3342,3,51,82
3343,3,51,83
3344,3,51,86
3345,3,51,87
3346,4,51,90
3347,4,51,91
3348,5,51,92
3349,4,51,93
3350,5,51,97
3351,5,51,98
3352,2,51,104
3353,5,51,124
3354,4,51,125
3355,5,51,126
3356,5,51,127
3357,5,51,128
3358,5,51,129
3359,4,51,130
3360,3,51,136
3361,5,51,138
3362,4,51,144
3363,3,51,145
3364,5,51,146
3365,4,51,147
3366,4,51,148
3367,4,51,149
3368,4,51,150
3369,4,52,1
3370,4,52,2
3371,2,52,3
3372,4,52,4
3373,4,52,6
3374,3,52,7
3375,4,52,16
3376,5,52,18
3377,5,52,20
3378,5,52,23
3379,4,52,25
3380,4,52,26
3381,4,52,31
3382,3,52,33
3383,5,52,36
3384,4,52,45
3385,4,52,53
3386,3,52,58
3387,4,52,59
3388,4,52,65
3389,5,52,72
3390,4,52,77
3391,4,52,79
3392,4,52,92
3393,4,52,97
3394,4,52,104
3395,4,52,105
3396,3,52,106
3397,5,52,122
3398,5,52,129
3399,5,52,130
3400,4,53,1
3401,4,53,2
3402,5,53,3
3403,5,53,4
3404,5,53,5
3405,4,53,6
3406,5,53,7
3407,5,53,8
3408,4,53,9
3409,5,53,10
3410,5,53,11
3411,5,53,12
3412,5,53,14
3413,5,53,15
3414,4,53,16
3415,3,53,17
3416,3,53,18
3417,3,53,19
3418,4,53,20
3419,3,53,21
3420,3,53,22
3421,4,53,23
3422,4,53,24
3423,4,53,25
3424,3,53,26
3425,3,53,27
3426,5,53,28
3427,4,53,29
3428,5,53,30
3429,4,53,31
3430,4,53,32
3431,4,53,33
3432,4,53,34
3433,4,53,35
3434,4,53,36
3435,4,53,37
3436,4,53,38
3437,4,53,39
3438,4,53,40
3439,4,53,41
3440,4,53,42
3441,4,53,43
3442,4,53,44
3443,3,53,45
3444,5,53,46
3445,4,53,47
3446,4,53,48
3447,4,53,49
3448,4,53,50
3449,4,53,51
3450,3,53,53
3451,3,53,54
3452,3,53,55
3453,4,53,56
3454,4,53,57
3455,4,53,58
3456,4,53,59
3457,4,53,60
3458,4,53,61
3459,4,53,62
3460,4,53,63
3461,4,53,64
3462,4,53,65
3463,4,53,66
3464,4,53,67
3465,3,53,68
3466,4,53,69
3467,3,53,70
3468,4,53,71
3469,4,53,72
3470,4,53,73
3471,5,53,74
3472,4,53,75
3473,4,53,76
3474,5,53,77
3475,4,53,78
3476,4,53,79
3477,4,53,80
3478,4,53,81
3479,4,53,82
3480,4,53,83
3481,4,53,84
3482,4,53,85
3483,5,53,86
3484,4,53,87
3485,4,53,88
3486,4,53,89
3487,4,53,90
3488,4,53,91
3489,4,53,92
3490,4,53,93
3491,4,53,94
3492,4,53,95
3493,4,53,96
3494,4,53,97
3495,4,53,98
3496,5,53,99
3497,4,53,100
3498,4,53,101
3499,4,53,102
3500,4,53,103
3501,4,53,104
3502,4,53,105
3503,4,53,106
3504,4,53,107
3505,4,53,108
3506,4,53,109
3507,4,53,110
3508,5,53,111
3509,5,53,112
3510,5,53,113
3511,5,53,114
3512,4,53,115
3513,4,53,116
3514,4,53,117
3515,4,53,118
3516,4,53,119
3517,4,53,120
3518,4,53,121
3519,4,53,122
3520,4,53,123
3521,4,53,124
3522,4,53,125
3523,4,53,126
3524,4,53,127
3525,4,53,128
3526,4,53,129
3527,4,53,130
3528,4,53,131
3529,4,53,132
3530,4,53,133
3531,4,53,134
3532,4,53,135
3533,4,53,136
3534,4,53,137
3535,4,53,138
3536,4,53,139
3537,4,53,141
3538,4,53,142
3539,4,53,143
3540,4,53,144
3541,5,53,145
3542,4,53,146
3543,4,53,147
3544,4,53,148
3545,4,53,149
3546,4,53,150
3547,5,54,1
3548,4,54,2
3549,3,54,3
3550,4,54,4
3551,4,54,5
3552,3,54,6
3553,5,54,7
3554,3,54,8
3555,3,54,9
3556,3,54,10
3557,3,54,11
3558,3,54,12
3559,3,54,14
3560,3,54,15
3561,3,54,16
3562,3,54,17
3563,3,54,18
3564,3,54,19
3565,3,54,20
3566,3,54,21
3567,3,54,22
3568,5,54,23
3569,3,54,24
3570,4,54,25
3571,4,54,26
3572,3,54,27
3573,3,54,28
3574,3,54,29
3575,3,54,30
3576,4,54,31
3577,3,54,32
3578,4,54,33
3579,3,54,34
3580,3,54,35
3581,4,54,36
3582,3,54,37
3583,4,54,38
3584,3,54,39
3585,3,54,40
3586,3,54,41
3587,3,54,42
3588,3,54,43
3589,3,54,44
3590,4,54,45
3591,3,54,46
3592,3,54,47
3593,3,54,48
3594,3,54,49
3595,3,54,50
3596,3,54,51
3597,3,54,53
3598,3,54,54
3599,3,54,55
3600,3,54,56
3601,3,54,57
3602,5,54,58
3603,4,54,59
3604,3,54,60
3605,3,54,61
3606,3,54,62
3607,3,54,63
3608,3,54,64
3609,3,54,65
3610,3,54,66
3611,3,54,67
3612,4,54,68
3613,3,54,69
3614,3,54,70
3615,3,54,71
3616,3,54,72
3617,3,54,73
3618,3,54,74
3619,3,54,75
3620,3,54,76
3621,4,54,77
3622,3,54,78
3623,4,54,79
3624,3,54,80
3625,3,54,81
3626,3,54,82
3627,3,54,83
3628,3,54,84
3629,3,54,85
3630,3,54,86
3631,3,54,87
3632,3,54,88
3633,3,54,89
3634,3,54,90
3635,4,54,91
3636,3,54,92
3637,3,54,93
3638,3,54,94
3639,3,54,95
3640,5,54,96
3641,3,54,97
3642,3,54,98
3643,3,54,99
3644,3,54,100
3645,3,54,101
3646,3,54,102
3647,3,54,103
3648,3,54,104
3649,3,54,105
3650,3,54,106
3651,3,54,107
3652,3,54,108
3653,3,54,109
3654,3,54,110
3655,3,54,111
3656,3,54,112
3657,3,54,113
3658,3,54,114
3659,3,54,115
3660,3,54,116
3661,3,54,117
3662,3,54,118
3663,3,54,119
3664,3,54,120
3665,3,54,121
3666,4,54,122
3667,3,54,123
3668,3,54,124
3669,3,54,125
3670,3,54,126
3671,3,54,127
3672,3,54,128
3673,3,54,129
3674,3,54,130
3675,3,54,131
3676,3,54,132
3677,3,54,133
3678,3,54,134
3679,3,54,135
3680,3,54,136
3681,3,54,137
3682,3,54,138
3683,3,54,139
3684,3,54,141
3685,3,54,142
3686,3,54,143
3687,3,54,144
3688,3,54,145
3689,3,54,146
3690,3,54,147
3691,3,54,148
3692,3,54,149
3693,3,54,150
3694,3,55,1
3695,2,55,2
3696,4,55,3
3697,3,55,4
3698,3,55,6
3699,4,55,7
3700,5,55,23
3701,3,55,25
3702,4,55,31
3703,4,55,32
3704,3,55,33
3705,3,55,34
3706,2,55,35
3707,5,55,36
3708,3,55,38
3709,4,55,39
3710,3,55,54
3711,3,55,58
3712,4,55,82
3713,2,55,83
3714,4,55,87
3715,5,55,90
3716,5,55,91
3717,4,55,92
3718,4,55,98
3719,4,55,99
3720,4,55,101
3721,4,55,102
3722,3,55,103
3723,3,55,104
3724,3,55,105
3725,1,55,106
3726,4,55,107
3727,2,55,110
3728,4,55,137
3729,5,55,147
3730,5,55,148
3731,5,55,149
3732,4,56,1
3733,2,56,2
3734,3,56,3
3735,3,56,4
3736,3,56,5
3737,3,56,6
3738,3,56,7
3739,4,56,8
3740,3,56,9
3741,3,56,10
3742,3,56,11
3743,3,56,12
3744,3,56,14
3745,3,56,15
3746,2,56,16
3747,1,56,17
3748,3,56,18
3749,4,56,19
3750,5,56,20
3751,3,56,21
3752,3,56,22
3753,5,56,23
3754,1,56,24
3755,3,56,25
3756,1,56,26
3757,1,56,27
3758,3,56,28
3759,3,56,29
3760,3,56,30
3761,2,56,31
3762,2,56,32
3763,2,56,33
3764,4,56,34
3765,2,56,35
3766,5,56,36
3767,5,56,37
3768,3,56,38
3769,5,56,39
3770,3,56,40
3771,4,56,41
3772,3,56,42
3773,3,56,43
3774,2,56,44
3775,3,56,45
3776,4,56,46
3777,3,56,47
3778,2,56,48
3779,5,56,49
3780,4,56,50
3781,4,56,51
3782,4,56,53
3783,2,56,54
3784,3,56,55
3785,3,56,56
3786,1,56,57
3787,2,56,58
3788,4,56,59
3789,2,56,60
3790,4,56,61
3791,3,56,62
3792,3,56,63
3793,3,56,64
3794,4,56,65
3795,3,56,66
3796,3,56,67
3797,3,56,68
3798,3,56,69
3799,3,56,70
3800,5,56,71
3801,5,56,72
3802,3,56,73
3803,2,56,74
3804,3,56,75
3805,3,56,76
3806,3,56,77
3807,2,56,78
3808,2,56,79
3809,2,56,80
3810,3,56,81
3811,5,56,82
3812,5,56,83
3813,4,56,84
3814,3,56,85
3815,3,56,86
3816,5,56,87
3817,4,56,88
3818,3,56,89
3819,5,56,90
3820,5,56,91
3821,5,56,92
3822,3,56,93
3823,3,56,94
3824,3,56,95
3825,4,56,96
3826,4,56,97
3827,3,56,98
3828,3,56,99
3829,2,56,100
3830,2,56,101
3831,4,56,102
3832,5,56,103
3833,3,56,104
3834,3,56,105
3835,3,56,106
3836,4,56,107
3837,1,56,108
3838,1,56,109
3839,3,56,110
3840,3,56,111
3841,2,56,112
3842,2,56,113
3843,2,56,114
3844,3,56,115
3845,2,56,116
3846,3,56,117
3847,4,56,118
3848,3,56,119
3849,3,56,120
3850,4,56,121
3851,4,56,122
3852,3,56,123
3853,3,56,124
3854,2,56,125
3855,2,56,126
3856,3,56,127
3857,3,56,128
3858,3,56,129
3859,3,56,130
3860,3,56,131
3861,3,56,132
3862,3,56,133
3863,3,56,134
3864,3,56,135
3865,3,56,136
3866,4,56,137
3867,3,56,138
3868,3,56,139
3869,3,56,141
3870,3,56,142
3871,3,56,143
3872,3,56,144
3873,3,56,145
3874,3,56,146
3875,3,56,147
3876,3,56,148
3877,3,56,149
3878,4,56,150
3879,3,57,1
3880,3,57,2
3881,5,57,3
3882,5,57,4
3883,3,57,5
3884,5,57,6
3885,4,57,7
3886,4,57,8
3887,4,57,9
3888,5,57,10
3889,5,57,11
3890,5,57,12
3891,5,57,14
3892,3,57,15
3893,4,57,16
3894,3,57,24
3895,1,57,26
3896,3,57,27
3897,1,57,29
3898,4,57,33
3899,2,57,34
3900,3,57,36
3901,5,57,41
3902,5,57,43
3903,5,57,44
3904,3,57,47
3905,3,57,49
3906,2,57,50
3907,5,57,53
3908,4,57,55
3909,3,57,57
3910,2,57,59
3911,2,57,63
3912,5,57,64
3913,4,57,66
3914,3,57,71
3915,5,57,72
3916,5,57,73
3917,3,57,74
3918,3,57,76
3919,2,57,78
3920,5,57,82
3921,4,57,83
3922,3,57,86
3923,3,57,87
3924,2,57,88
3925,3,57,90
3926,3,57,91
3927,4,57,93
3928,2,57,95
3929,3,57,97
3930,5,57,99
3931,4,57,100
3932,3,57,101
3933,4,57,102
3934,5,57,105
3935,5,57,106
3936,3,57,108
3937,3,57,110
3938,3,57,112
3939,3,57,114
3940,3,57,116
3941,3,57,118
3942,2,57,120
3943,1,57,122
3944,3,57,123
3945,2,57,124
3946,1,57,126
3947,3,57,127
3948,4,57,128
3949,2,57,129
3950,4,57,130
3951,4,57,132
3952,1,57,135
3953,2,57,136
3954,2,57,142
3955,3,57,143
3956,4,57,145
3957,5,57,146
3958,4,57,148
3959,3,57,150
3960,4,58,1
3961,5,58,2
3962,5,58,3
3963,3,58,4
3964,4,58,5
3965,3,58,6
3966,5,58,7
3967,4,58,8
3968,3,58,9
3969,4,58,10
3970,4,58,11
3971,4,58,12
3972,4,58,14
3973,4,58,15
3974,4,58,16
3975,4,58,17
3976,5,58,18
3977,4,58,19
3978,5,58,20
3979,5,58,21
3980,5,58,22
3981,5,58,23
3982,4,58,24
3983,5,58,25
3984,5,58,26
3985,3,58,27
3986,5,58,28
3987,3,58,29
3988,4,58,30
3989,4,58,31
3990,5,58,32
3991,3,58,33
3992,5,58,34
3993,4,58,35
3994,4,58,36
3995,4,58,37
3996,3,58,38
3997,1,58,39
3998,3,58,40
3999,2,58,41
4000,3,58,42
4001,5,58,43
4002,3,58,44
4003,2,58,45
4004,4,58,46
4005,4,58,47
4006,5,58,48
4007,5,58,49
4008,5,58,50
4009,5,58,51
4010,3,58,53
4011,3,58,54
4012,3,58,55
4013,3,58,56
4014,4,58,57
4015,4,58,58
4016,4,58,59
4017,4,58,60
4018,3,58,61
4019,4,58,62
4020,3,58,63
4021,4,58,64
4022,4,58,65
4023,3,58,66
4024,4,58,67
4025,4,58,68
4026,4,58,69
4027,4,58,70
4028,4,58,71
4029,4,58,72
4030,4,58,73
4031,5,58,74
4032,3,58,75
4033,4,58,76
4034,4,58,77
4035,4,58,78
4036,3,58,79
4037,3,58,80
4038,4,58,81
4039,4,58,82
4040,4,58,83
4041,5,58,84
4042,5,58,85
4043,4,58,86
4044,4,58,87
4045,5,58,88
4046,5,58,89
4047,5,58,90
4048,5,58,91
4049,5,58,92
4050,5,58,93
4051,5,58,94
4052,5,58,95
4053,4,58,96
4054,5,58,97
4055,5,58,98
4056,5,58,99
4057,5,58,100
4058,5,58,101
4059,5,58,102
4060,5,58,103
4061,5,58,104
4062,5,58,105
4063,3,58,106
4064,4,58,107
4065,3,58,108
4066,3,58,109
4067,3,58,110
4068,4,58,111
4069,4,58,112
4070,4,58,113
4071,4,58,114
4072,4,58,115
4073,4,58,116
4074,4,58,117
4075,3,58,118
4076,3,58,119
4077,4,58,120
4078,4,58,121
4079,3,58,122
4080,3,58,123
4081,3,58,124
4082,4,58,125
4083,4,58,126
4084,3,58,127
4085,3,58,128
4086,3,58,129
4087,4,58,130
4088,4,58,131
4089,3,58,132
4090,2,58,133
4091,3,58,134
4092,2,58,135
4093,2,58,136
4094,3,58,137
4095,4,58,138
4096,3,58,139
4097,5,58,141
4098,3,58,142
4099,4,58,143
4100,3,58,144
4101,5,58,145
4102,3,58,146
4103,4,58,147
4104,3,58,148
4105,3,58,149
4106,2,58,150
4108,5,59,25
4109,5,61,1
4107,5,59,1