User_Id,Place_Id,Place_Ratings
1,1,4.0
1,2,3.0
1,3,5.0
1,4,4.0
1,5,5.0
1,6,4.0
1,7,3.0
1,8,5.0
1,9,4.0
1,10,4.0
1,11,4.0
1,12,5.0
1,14,5.0
1,15,4.0
1,16,3.0
1,17,3.0
1,18,2.0
1,19,3.0
1,20,5.0
1,21,2.0
1,22,4.0
1,23,5.0
1,24,5.0
1,25,5.0
1,26,1.0
1,27,3.0
1,28,5.0
1,29,2.0
1,30,2.0
1,31,2.0
1,32,3.0
1,33,3.0
1,34,3.0
1,35,3.0
1,36,5.0
1,37,5.0
1,38,3.0
1,39,3.0
1,40,3.0
1,41,5.0
1,42,3.0
1,43,3.0
1,44,3.0
1,45,3.0
1,46,5.0
1,47,5.0
1,48,3.0
1,49,4.0
1,50,4.0
1,51,3.0
1,53,5.0
1,54,3.0
1,55,4.0
1,56,3.0
1,57,3.0
1,58,5.0
1,59,3.0
1,60,3.0
1,61,3.0
1,62,4.0
1,63,5.0
1,64,5.0
1,65,5.0
1,66,4.0
1,67,3.0
1,68,3.0
1,69,3.0
1,70,2.0
1,71,4.0
1,72,5.0
1,73,3.0
1,74,5.0
1,75,3.0
1,76,3.0
1,77,5.0
1,78,3.0
1,79,3.0
1,80,3.0
1,81,3.0
1,82,5.0
1,83,5.0
1,84,3.0
1,85,3.0
1,86,3.0
1,87,3.0
1,88,5.0
1,89,2.0
1,90,5.0
1,91,5.0
1,92,3.0
1,93,2.0
1,94,3.0
1,95,3.0
1,96,4.0
1,97,3.0
1,98,4.0
1,99,5.0
1,100,3.0
1,101,3.0
1,102,5.0
1,103,3.0
1,104,4.0
1,105,3.0
1,106,4.0
1,107,4.0
1,108,4.0
1,109,5.0
1,110,3.0
1,111,5.0
1,112,5.0
1,113,3.0
1,114,4.0
1,115,3.0
1,116,3.0
1,117,4.0
1,118,2.0
1,119,3.0
1,120,5.0
1,121,2.0
1,122,2.0
1,123,3.0
1,124,4.0
1,125,3.0
1,126,4.0
1,127,3.0
1,128,3.0
1,129,3.0
1,130,3.0
1,131,2.0
1,132,3.0
1,133,4.0
1,134,4.0
1,135,3.0
1,136,3.0
1,137,3.0
1,138,5.0
1,139,3.0
1,140,2.0
1,141,3.0
1,142,4.0
1,143,3.0
1,144,3.0
1,145,5.0
1,146,3.0
1,147,5.0
1,148,5.0
1,149,5.0
1,150,3.0
1,151,5.0
1,152,5.0
2,1,5.0
2,2,1.0
2,4,3.0
2,6,5.0
2,7,4.0
2,18,5.0
2,19,5.0
2,20,5.0
2,26,3.0
2,27,5.0
2,28,5.0
2,31,5.0
2,33,5.0
2,36,5.0
2,37,5.0
2,48,5.0
2,58,5.0
2,102,5.0
2,105,5.0
2,147,5.0
2,148,5.0
2,149,5.0
2,151,5.0
2,152,5.0
3,1,4.0
3,4,5.0
3,6,4.0
3,11,5.0
3,20,5.0
3,23,5.0
3,26,3.0
3,28,5.0
3,36,5.0
3,37,5.0
3,46,4.0
3,54,4.0
3,58,4.0
3,59,4.0
3,64,4.0
3,77,5.0
3,83,5.0
3,91,5.0
3,99,5.0
3,102,5.0
3,104,4.0
3,110,3.0
3,147,5.0
3,148,5.0
3,149,5.0
3,152,5.0
4,1,3.0
4,2,2.0
4,3,3.0
4,4,4.0
4,5,3.0
4,6,4.0
4,7,4.0
4,10,4.0
4,12,4.0
4,23,5.0
4,26,3.0
4,28,4.0
4,31,4.0
4,32,4.0
4,33,2.0
4,36,3.0
4,38,2.0
4,40,4.0
4,46,4.0
4,58,4.0
4,59,3.0
4,64,3.0
4,72,4.0
4,74,5.0
4,82,4.0
4,83,2.0
4,90,3.0
4,91,3.0
4,99,4.0
4,103,2.0
4,122,1.0
4,136,1.0
4,137,3.0
4,148,3.0
4,152,4.0
5,1,3.0
5,2,3.0
5,3,3.0
5,4,3.0
5,5,3.0
5,6,3.0
5,7,3.0
5,8,3.0
5,10,4.0
5,12,3.0
5,14,4.0
5,23,5.0
5,24,4.0
5,25,5.0
5,26,3.0
5,28,5.0
5,31,3.0
5,33,5.0
5,35,3.0
5,36,5.0
5,38,3.0
5,39,1.0
5,41,5.0
5,43,5.0
5,46,3.0
5,58,1.0
5,59,2.0
5,63,3.0
5,72,5.0
5,79,5.0
5,80,4.0
5,82,4.0
5,87,5.0
5,97,5.0
5,137,4.0
5,147,4.0
5,148,4.0
5,149,4.0
5,152,5.0
6,1,5.0
6,2,5.0
6,4,5.0
6,6,5.0
6,7,5.0
6,12,5.0
6,28,5.0
6,33,5.0
6,36,5.0
6,58,5.0
6,70,5.0
6,81,5.0
6,82,5.0
6,83,5.0
6,91,5.0
6,96,5.0
6,103,5.0
6,136,5.0
6,140,5.0
6,141,5.0
6,144,5.0
6,147,5.0
6,148,5.0
6,149,5.0
6,152,5.0
7,1,3.0
7,2,3.0
7,3,5.0
7,4,3.0
7,5,5.0
7,6,4.0
7,7,3.0
7,9,5.0
7,10,5.0
7,18,3.0
7,20,5.0
7,23,4.0
7,24,4.0
7,26,2.0
7,27,4.0
7,28,5.0
7,29,4.0
7,32,3.0
7,35,3.0
7,36,5.0
7,37,4.0
7,38,2.0
7,41,4.0
7,46,5.0
7,49,4.0
7,53,3.0
7,54,5.0
7,58,3.0
7,62,3.0
7,64,3.0
7,66,3.0
7,69,3.0
7,72,4.0
7,73,3.0
7,74,5.0
7,77,4.0
7,82,5.0
7,83,4.0
7,84,3.0
7,87,5.0
7,88,4.0
7,90,4.0
7,91,4.0
7,104,3.0
7,117,5.0
7,120,3.0
7,136,2.0
7,137,4.0
7,145,4.0
7,147,5.0
7,148,5.0
7,149,5.0
7,150,4.0
7,151,3.0
7,152,5.0
8,1,5.0
8,2,3.0
8,3,4.0
8,4,5.0
8,5,3.0
8,6,4.0
8,7,2.0
8,8,3.0
8,9,3.0
8,10,4.0
8,11,4.0
8,12,4.0
8,14,2.0
8,15,3.0
8,16,4.0
8,17,3.0
8,18,5.0
8,19,5.0
8,20,5.0
8,21,4.0
8,22,4.0
8,23,5.0
8,24,5.0
8,25,5.0
8,26,5.0
8,27,5.0
8,28,4.0
8,29,5.0
8,30,5.0
8,31,5.0
8,41,5.0
8,46,5.0
8,49,5.0
8,50,5.0
8,54,5.0
8,58,5.0
8,59,5.0
8,64,5.0
8,72,5.0
8,74,5.0
8,77,5.0
8,82,4.0
8,83,5.0
8,90,5.0
8,92,5.0
8,97,5.0
8,99,5.0
8,102,5.0
8,103,5.0
8,104,4.0
8,105,4.0
8,129,5.0
8,147,3.0
8,148,3.0
8,149,3.0
8,151,5.0
8,152,5.0
9,1,4.0
9,2,3.0
9,3,5.0
9,6,4.0
9,7,4.0
9,19,5.0
9,23,5.0
9,26,4.0
9,28,5.0
9,36,5.0
9,37,4.0
9,46,5.0
9,58,4.0
9,91,5.0
9,151,5.0
10,1,2.0
10,2,3.0
10,3,4.0
10,4,3.0
10,6,3.0
10,7,3.0
10,18,3.0
10,20,3.0
10,23,4.0
10,25,3.0
10,26,3.0
10,28,4.0
10,36,4.0
10,37,4.0
10,38,2.0
10,46,4.0
10,49,4.0
10,53,4.0
10,58,3.0
10,82,5.0
10,83,3.0
10,87,4.0
10,91,3.0
10,102,3.0
10,103,2.0
10,144,3.0
10,147,4.0
10,148,4.0
10,149,4.0
10,150,4.0
10,151,2.0
10,152,5.0
11,1,5.0
11,2,4.0
11,3,4.0
11,4,5.0
11,5,4.0
11,6,4.0
11,7,4.0
11,20,5.0
11,23,5.0
11,25,5.0
11,26,3.0
11,33,4.0
11,38,4.0
11,39,5.0
11,41,5.0
11,45,4.0
11,49,4.0
11,53,5.0
11,54,4.0
11,58,4.0
11,64,3.0
11,72,5.0
11,77,4.0
11,83,4.0
11,84,5.0
11,88,4.0
11,90,5.0
11,91,4.0
11,99,4.0
11,122,3.0
11,129,5.0
11,130,5.0
11,133,3.0
11,136,4.0
11,137,4.0
11,151,4.0
12,1,5.0
12,2,5.0
12,3,5.0
12,4,5.0
12,5,5.0
12,6,5.0
12,7,5.0
12,8,4.0
12,9,4.0
12,10,5.0
12,11,5.0
12,12,5.0
12,14,5.0
12,15,5.0
12,16,3.0
12,17,3.0
12,18,4.0
12,19,4.0
12,20,5.0
12,21,4.0
12,22,3.0
12,23,5.0
12,24,5.0
12,25,3.0
12,26,2.0
12,27,3.0
12,28,4.0
12,29,3.0
12,30,3.0
12,31,4.0
12,32,3.0
12,33,4.0
12,34,4.0
12,35,3.0
12,36,5.0
12,37,4.0
12,38,4.0
12,39,2.0
12,40,4.0
12,41,4.0
12,42,4.0
12,43,4.0
12,44,5.0
12,45,5.0
12,49,5.0
12,51,4.0
12,53,5.0
12,54,4.0
12,58,3.0
12,59,4.0
12,60,5.0
12,61,5.0
12,62,2.0
12,63,4.0
12,64,5.0
12,65,5.0
12,72,5.0
12,82,4.0
12,83,3.0
12,84,5.0
12,87,5.0
12,88,4.0
12,90,5.0
12,92,4.0
12,94,5.0
12,96,5.0
12,97,5.0
12,98,5.0
12,99,5.0
12,100,5.0
12,101,5.0
12,102,5.0
12,103,3.0
12,104,3.0
12,105,3.0
12,106,3.0
12,107,2.0
12,110,3.0
12,129,5.0
12,130,5.0
12,134,5.0
12,135,3.0
12,136,3.0
12,137,4.0
12,141,5.0
12,143,5.0
12,151,5.0
12,152,5.0
13,2,3.0
13,4,4.0
13,6,4.0
13,7,4.0
13,18,4.0
13,23,4.0
13,26,2.0
13,32,4.0
13,72,4.0
14,1,3.0
14,2,3.0
14,3,5.0
14,4,3.0
14,5,4.0
14,6,3.0
14,7,3.0
14,8,3.0
14,9,3.0
14,11,4.0
14,16,3.0
14,18,3.0
14,19,3.0
14,20,5.0
14,23,5.0
14,25,3.0
14,26,2.0
14,28,4.0
14,36,5.0
14,37,5.0
14,38,2.0
14,39,4.0
14,40,4.0
14,46,3.0
14,48,2.0
14,49,2.0
14,58,4.0
14,65,3.0
14,72,4.0
14,74,4.0
14,77,4.0
14,82,5.0
14,83,4.0
14,84,4.0
14,87,4.0
14,88,5.0
14,90,5.0
14,91,4.0
14,99,4.0
14,117,4.0
14,122,3.0
14,136,3.0
14,144,3.0
14,147,5.0
14,148,4.0
14,149,5.0
14,151,3.0
14,152,5.0
15,1,4.0
15,2,3.0
15,3,3.0
15,4,4.0
15,5,3.0
15,6,3.0
15,7,3.0
15,8,3.0
15,16,3.0
15,18,4.0
15,19,4.0
15,20,4.0
15,21,3.0
15,22,4.0
15,24,4.0
15,25,4.0
15,26,2.0
15,30,3.0
15,36,5.0
15,38,4.0
15,39,3.0
15,49,4.0
15,54,4.0
15,58,4.0
15,77,4.0
15,82,4.0
15,83,4.0
15,87,4.0
15,90,3.0
15,91,3.0
15,92,3.0
15,120,3.0
15,122,3.0
15,147,3.0
15,148,3.0
15,149,3.0
15,151,4.0
15,152,4.0
16,1,5.0
16,2,5.0
16,3,5.0
16,4,5.0
16,5,5.0
16,6,5.0
16,7,5.0
16,8,5.0
16,9,5.0
16,10,5.0
16,11,5.0
16,12,5.0
16,14,5.0
16,15,5.0
16,16,5.0
16,17,5.0
16,18,5.0
16,19,5.0
16,20,5.0
16,21,5.0
16,22,5.0
16,23,5.0
16,24,5.0
16,25,5.0
16,26,5.0
16,27,5.0
16,28,5.0
16,29,5.0
16,30,5.0
16,31,5.0
16,32,5.0
16,33,5.0
16,34,5.0
16,35,5.0
16,36,5.0
16,37,5.0
16,38,5.0
16,39,5.0
16,40,5.0
16,41,5.0
16,42,5.0
16,43,5.0
16,44,5.0
16,45,5.0
16,46,5.0
16,47,5.0
16,48,5.0
16,49,5.0
16,50,5.0
16,51,5.0
16,53,5.0
16,54,5.0
16,55,5.0
16,56,5.0
16,57,5.0
16,58,5.0
16,59,5.0
16,60,5.0
16,61,5.0
16,62,5.0
16,63,5.0
16,64,5.0
16,65,5.0
16,66,5.0
16,67,5.0
16,68,3.0
16,69,5.0
16,70,5.0
16,71,5.0
16,72,5.0
16,73,5.0
16,74,5.0
16,75,5.0
16,76,5.0
16,77,5.0
16,78,5.0
16,79,5.0
16,80,5.0
16,81,5.0
16,82,5.0
16,83,5.0
16,84,5.0
16,85,5.0
16,86,5.0
16,87,5.0
16,88,5.0
16,89,5.0
16,90,5.0
16,91,5.0
16,92,5.0
16,93,5.0
16,94,5.0
16,95,5.0
16,96,5.0
16,97,5.0
16,98,5.0
16,99,5.0
16,100,5.0
16,101,5.0
16,102,5.0
16,103,5.0
16,104,5.0
16,105,5.0
16,106,5.0
16,107,5.0
16,108,5.0
16,109,5.0
16,110,5.0
16,111,5.0
16,112,5.0
16,113,5.0
16,114,5.0
16,115,5.0
16,116,5.0
16,117,5.0
16,118,5.0
16,119,5.0
16,120,5.0
16,121,5.0
16,122,5.0
16,123,5.0
16,124,5.0
16,125,5.0
16,126,5.0
16,127,5.0
16,128,5.0
16,129,5.0
16,130,5.0
16,131,5.0
16,132,5.0
16,133,5.0
16,134,5.0
16,135,5.0
16,136,5.0
16,137,5.0
16,138,5.0
16,139,5.0
16,140,5.0
16,141,5.0
16,142,5.0
16,143,5.0
16,144,5.0
16,145,5.0
16,146,5.0
16,147,5.0
16,148,5.0
16,149,5.0
16,150,5.0
16,151,5.0
16,152,5.0
17,1,5.0
17,2,5.0
17,3,5.0
17,4,3.0
17,6,5.0
17,7,3.0
17,18,3.0
17,19,3.0
17,20,5.0
17,22,3.0
17,23,5.0
17,26,5.0
17,39,5.0
17,51,2.0
17,54,5.0
17,58,5.0
17,64,3.0
18,1,5.0
18,2,4.0
18,3,5.0
18,4,4.0
18,5,5.0
18,6,5.0
18,7,3.0
18,8,4.0
18,18,4.0
18,19,4.0
18,20,4.0
18,22,4.0
18,23,5.0
18,24,4.0
18,25,5.0
18,26,3.0
18,27,3.0
18,28,5.0
18,31,4.0
18,33,3.0
18,34,3.0
18,35,2.0
18,36,5.0
18,37,5.0
18,38,3.0
18,42,4.0
18,46,4.0
18,49,5.0
18,50,4.0
18,58,5.0
18,60,5.0
18,61,5.0
18,63,5.0
18,64,5.0
18,65,5.0
18,72,4.0
18,74,4.0
18,79,5.0
18,80,4.0
18,82,4.0
18,84,4.0
18,87,5.0
18,88,4.0
18,90,5.0
18,91,3.0
18,92,5.0
18,93,4.0
18,95,3.0
18,96,4.0
18,97,5.0
18,99,5.0
18,102,5.0
18,122,3.0
18,130,5.0
18,134,3.0
18,136,3.0
18,137,5.0
18,141,4.0
18,145,4.0
18,147,4.0
18,148,4.0
18,149,4.0
18,151,5.0
18,152,5.0
19,1,5.0
19,2,4.0
19,3,5.0
19,4,5.0
19,6,5.0
19,7,5.0
19,18,3.0
19,19,3.0
19,20,5.0
19,23,5.0
19,25,4.0
19,26,4.0
19,28,3.0
19,31,4.0
19,32,5.0
19,36,5.0
19,40,5.0
19,41,5.0
19,45,4.0
19,46,4.0
19,49,5.0
19,53,5.0
19,54,5.0
19,58,3.0
19,61,4.0
19,63,4.0
19,64,5.0
19,65,5.0
19,72,4.0
19,77,4.0
19,79,5.0
19,82,5.0
19,83,4.0
19,88,5.0
19,90,5.0
19,91,5.0
19,97,4.0
19,102,5.0
19,122,5.0
19,123,5.0
19,136,5.0
19,137,5.0
19,147,5.0
19,151,4.0
19,152,4.0
20,1,4.0
20,2,3.0
20,3,5.0
20,4,4.0
20,5,3.0
20,6,5.0
20,7,4.0
20,8,3.0
20,9,2.0
20,10,1.0
20,11,3.0
20,12,4.0
20,14,5.0
20,15,5.0
20,16,3.0
20,17,4.0
20,18,4.0
20,19,4.0
20,20,4.0
20,21,3.0
20,22,2.0
20,23,5.0
20,24,5.0
20,25,3.0
20,26,3.0
20,27,3.0
20,28,5.0
20,29,3.0
20,30,3.0
20,31,3.0
20,32,3.0
20,33,3.0
20,34,3.0
20,36,4.0
20,37,3.0
20,38,3.0
20,39,4.0
20,40,4.0
20,41,4.0
20,42,4.0
20,127,2.0
20,136,3.0
20,137,4.0
20,138,4.0
20,142,3.0
20,147,3.0
20,148,3.0
20,149,3.0
20,150,2.0
20,151,3.0
21,1,3.0
21,2,3.0
21,3,4.0
21,4,2.0
21,5,1.0
21,6,2.0
21,7,4.0
21,8,3.0
21,16,1.0
21,18,2.0
21,19,5.0
21,20,2.0
21,22,3.0
21,23,4.0
21,25,4.0
21,26,1.0
21,28,2.0
21,31,2.0
21,36,2.0
21,41,3.0
21,45,1.0
21,49,5.0
21,53,5.0
21,54,2.0
21,58,2.0
21,61,2.0
21,64,3.0
21,72,4.0
21,79,3.0
21,82,1.0
21,83,1.0
21,90,4.0
21,91,2.0
21,92,2.0
21,96,2.0
21,102,2.0
21,103,1.0
21,104,1.0
21,105,1.0
21,110,1.0
21,120,1.0
21,121,1.0
21,130,3.0
21,136,1.0
21,137,3.0
21,147,2.0
21,148,2.0
21,149,3.0
21,151,2.0
21,152,3.0
22,1,3.0
22,2,3.0
22,3,5.0
22,4,4.0
22,5,3.0
22,6,3.0
22,7,4.0
22,8,3.0
22,18,4.0
22,19,5.0
22,20,3.0
22,23,5.0
22,24,5.0
22,25,3.0
22,26,2.0
22,28,4.0
22,31,2.0
22,32,2.0
22,36,4.0
22,37,4.0
22,39,5.0
22,40,4.0
22,46,5.0
22,51,5.0
22,53,5.0
22,58,4.0
22,61,5.0
22,63,5.0
22,65,5.0
22,72,5.0
22,74,4.0
22,82,5.0
22,83,4.0
22,86,4.0
22,88,5.0
22,90,4.0
22,91,4.0
22,97,4.0
22,102,4.0
22,107,5.0
22,130,4.0
22,147,4.0
22,148,4.0
22,149,4.0
22,152,4.0
23,1,2.0
23,2,1.0
23,4,1.0
23,5,2.0
23,6,1.0
23,7,2.0
23,9,1.0
23,10,1.0
23,18,1.0
23,19,1.0
23,20,2.0
23,22,1.0
23,23,1.0
23,25,3.0
23,26,2.0
23,32,2.0
23,36,4.0
23,39,1.0
23,53,1.0
23,58,2.0
23,82,1.0
23,83,2.0
23,87,1.0
23,122,3.0
23,130,1.0
23,136,1.0
23,145,1.0
23,148,2.0
23,149,1.0
23,152,1.0
24,1,4.0
24,3,5.0
24,6,4.0
24,7,4.0
24,8,5.0
24,12,5.0
24,20,5.0
24,23,5.0
24,25,4.0
24,28,5.0
24,31,4.0
24,32,4.0
24,38,3.0
24,41,5.0
24,54,4.0
24,58,4.0
24,59,4.0
24,72,5.0
24,86,4.0
24,91,4.0
24,93,4.0
24,95,3.0
24,96,3.0
24,122,3.0
24,151,3.0
25,1,5.0
25,2,5.0
25,3,5.0
25,4,5.0
25,5,5.0
25,6,5.0
25,7,5.0
25,8,3.0
25,9,1.0
25,10,1.0
25,11,1.0
25,12,1.0
25,14,1.0
25,15,1.0
25,16,5.0
25,17,1.0
25,18,5.0
25,19,1.0
25,20,1.0
25,21,1.0
25,22,1.0
25,23,5.0
25,24,1.0
25,25,5.0
25,26,5.0
25,27,3.0
25,28,5.0
25,29,1.0
25,30,1.0
25,31,5.0
25,32,1.0
25,33,5.0
25,34,5.0
25,35,5.0
25,36,5.0
25,37,1.0
25,38,5.0
25,39,1.0
25,40,1.0
25,41,1.0
25,42,1.0
25,43,1.0
25,44,1.0
25,45,5.0
25,46,1.0
25,47,1.0
25,48,5.0
25,49,5.0
25,50,1.0
25,51,5.0
25,53,5.0
25,54,1.0
25,55,1.0
25,56,1.0
25,57,1.0
25,58,5.0
25,59,5.0
25,60,3.0
25,61,1.0
25,62,1.0
25,63,5.0
25,64,5.0
25,65,1.0
25,66,5.0
25,67,1.0
25,68,1.0
25,69,5.0
25,70,1.0
25,71,1.0
25,72,1.0
25,73,1.0
25,74,1.0
25,75,5.0
25,76,1.0
25,77,1.0
25,78,1.0
25,79,5.0
25,80,1.0
25,81,1.0
25,82,3.0
25,83,5.0
25,84,1.0
25,85,1.0
25,86,1.0
25,87,5.0
25,88,1.0
25,89,1.0
25,90,5.0
25,91,5.0
25,92,5.0
25,93,1.0
25,94,1.0
25,95,1.0
25,96,1.0
25,97,5.0
25,98,1.0
25,99,1.0
25,100,1.0
25,101,1.0
25,102,5.0
25,103,5.0
25,104,5.0
25,105,5.0
25,106,1.0
25,107,1.0
25,108,1.0
25,109,1.0
25,110,1.0
25,111,1.0
25,112,1.0
25,113,1.0
25,114,1.0
25,115,1.0
25,116,1.0
25,117,1.0
25,118,3.0
25,119,1.0
25,120,1.0
25,121,5.0
25,122,5.0
25,123,3.0
25,124,1.0
25,125,1.0
25,126,1.0
25,127,1.0
25,128,1.0
25,129,1.0
25,130,3.0
25,131,1.0
25,132,1.0
25,133,1.0
25,134,1.0
25,135,1.0
25,136,5.0
25,137,5.0
25,138,1.0
25,139,1.0
25,140,1.0
25,141,1.0
25,142,1.0
25,143,1.0
25,144,3.0
25,145,1.0
25,146,1.0
25,147,5.0
25,148,5.0
25,149,5.0
25,150,1.0
25,151,5.0
25,152,5.0
26,1,4.0
26,2,4.0
26,3,4.0
26,4,4.0
26,6,3.0
26,7,4.0
26,12,3.0
26,23,4.0
26,25,3.0
26,26,3.0
26,36,4.0
26,41,3.0
26,43,3.0
26,46,4.0
26,49,4.0
26,58,3.0
26,72,4.0
26,82,4.0
26,83,3.0
26,87,3.0
26,88,3.0
26,91,4.0
26,95,3.0
26,96,3.0
26,97,4.0
26,113,3.0
26,119,3.0
27,1,3.0
27,2,3.0
27,3,4.0
27,4,4.0
27,5,4.0
27,6,3.0
27,7,3.0
27,20,5.0
27,25,4.0
27,41,4.0
27,49,4.0
27,54,3.0
27,58,3.0
27,64,4.0
27,65,3.0
27,74,3.0
27,87,3.0
27,90,4.0
27,99,3.0
27,119,5.0
27,130,3.0
27,136,3.0
27,151,3.0
27,152,4.0
28,1,4.0
28,2,4.0
28,3,5.0
28,4,5.0
28,5,5.0
28,6,4.0
28,7,4.0
28,8,5.0
28,9,5.0
28,10,5.0
28,11,5.0
28,12,5.0
28,14,5.0
28,15,5.0
28,16,4.0
28,17,4.0
28,18,4.0
28,19,4.0
28,20,4.0
28,21,4.0
28,22,4.0
28,23,5.0
28,24,5.0
28,25,4.0
28,26,4.0
28,27,4.0
28,28,5.0
28,29,5.0
28,30,4.0
28,31,4.0
28,32,4.0
28,33,4.0
28,34,4.0
28,35,4.0
28,36,5.0
28,37,5.0
28,38,3.0
28,39,4.0
28,40,5.0
28,41,4.0
28,42,4.0
28,43,4.0
28,45,4.0
28,46,5.0
28,47,4.0
28,48,4.0
28,49,4.0
28,50,4.0
28,51,4.0
28,53,5.0
28,54,4.0
28,55,4.0
28,56,4.0
28,57,4.0
28,58,4.0
28,59,4.0
28,60,4.0
28,61,4.0
28,62,3.0
28,63,4.0
28,64,3.0
28,65,3.0
28,66,3.0
28,67,3.0
28,68,4.0
28,69,3.0
28,70,3.0
28,71,3.0
28,72,3.0
28,73,3.0
28,74,4.0
28,75,3.0
28,76,3.0
28,77,4.0
28,78,3.0
28,79,3.0
28,80,3.0
28,81,3.0
28,82,5.0
28,83,5.0
28,84,5.0
28,85,4.0
28,86,4.0
28,87,4.0
28,88,4.0
28,89,4.0
28,90,4.0
28,91,4.0
28,92,5.0
28,93,4.0
28,94,4.0
28,95,4.0
28,96,4.0
28,97,3.0
28,98,3.0
28,99,4.0
28,100,4.0
28,101,4.0
28,102,3.0
28,103,4.0
28,104,3.0
28,105,3.0
28,106,3.0
28,107,4.0
28,109,3.0
28,110,4.0
28,111,3.0
28,112,3.0
28,113,3.0
28,114,4.0
28,115,4.0
28,116,3.0
28,117,4.0
28,118,4.0
28,119,4.0
28,120,4.0
28,121,3.0
28,122,3.0
28,123,3.0
28,124,4.0
28,125,4.0
28,126,4.0
28,127,4.0
28,128,3.0
28,129,3.0
28,130,4.0
28,131,4.0
28,132,4.0
28,133,3.0
28,134,4.0
28,135,4.0
28,136,4.0
28,137,5.0
28,138,4.0
28,139,4.0
28,140,4.0
28,141,4.0
28,142,4.0
28,143,4.0
28,144,4.0
28,145,5.0
28,146,5.0
28,147,5.0
28,148,5.0
28,149,5.0
28,150,5.0
28,151,4.0
28,152,5.0
29,1,2.0
29,2,1.0
29,3,1.0
29,4,1.0
29,6,1.0
29,7,1.0
29,9,3.0
29,10,5.0
29,12,1.0
29,16,1.0
29,18,4.0
29,19,1.0
29,20,1.0
29,23,3.0
29,24,1.0
29,26,1.0
29,28,1.0
29,33,1.0
29,35,1.0
29,36,1.0
29,37,1.0
29,38,1.0
29,42,1.0
29,46,1.0
29,48,4.0
29,49,1.0
29,51,1.0
29,53,1.0
29,54,1.0
29,58,1.0
29,59,1.0
29,63,1.0
29,64,1.0
29,66,1.0
29,74,1.0
29,77,1.0
29,82,1.0
29,83,1.0
29,90,1.0
29,102,1.0
29,103,1.0
29,105,1.0
29,121,1.0
29,122,1.0
29,125,1.0
29,136,1.0
29,137,1.0
29,147,1.0
29,148,1.0
29,149,1.0
29,150,1.0
29,151,1.0
29,152,1.0
30,1,5.0
30,2,4.0
30,26,4.0
30,152,4.0
31,1,4.0
31,2,4.0
31,3,5.0
31,4,4.0
31,5,5.0
31,6,4.0
31,7,4.0
31,8,4.0
31,9,4.0
31,10,5.0
31,11,5.0
31,12,5.0
31,14,5.0
31,15,5.0
31,16,5.0
31,17,5.0
31,18,4.0
31,19,3.0
31,20,4.0
31,21,4.0
31,22,4.0
31,23,5.0
31,24,5.0
31,25,5.0
31,26,3.0
31,27,4.0
31,28,5.0
31,29,5.0
31,30,5.0
31,31,4.0
31,32,5.0
31,33,4.0
31,34,4.0
31,35,4.0
31,36,5.0
31,37,4.0
31,38,4.0
31,39,5.0
31,40,5.0
31,41,5.0
31,42,4.0
31,43,4.0
31,44,4.0
31,45,4.0
31,46,5.0
31,47,4.0
31,48,4.0
31,49,4.0
31,50,4.0
31,51,4.0
31,53,4.0
31,54,4.0
31,55,4.0
31,56,4.0
31,57,4.0
31,58,5.0
31,59,4.0
31,60,4.0
31,61,5.0
31,62,4.0
31,63,5.0
31,64,5.0
31,65,5.0
31,66,4.0
31,67,4.0
31,68,5.0
31,69,5.0
31,70,4.0
31,71,3.0
31,72,5.0
31,73,4.0
31,74,5.0
31,75,4.0
31,76,4.0
31,77,4.0
31,78,4.0
31,79,4.0
31,80,4.0
31,81,4.0
31,82,5.0
31,83,5.0
31,84,4.0
31,85,4.0
31,86,4.0
31,87,5.0
31,88,5.0
31,89,4.0
31,90,5.0
31,91,5.0
31,92,5.0
31,93,4.0
31,94,3.0
31,95,4.0
31,96,5.0
31,97,4.0
31,98,3.0
31,99,4.0
31,100,4.0
31,101,5.0
31,102,5.0
31,103,4.0
31,104,4.0
31,105,4.0
31,106,4.0
31,107,5.0
31,108,5.0
31,109,5.0
31,110,4.0
31,111,4.0
31,112,4.0
31,113,4.0
31,114,4.0
31,115,4.0
31,116,4.0
31,117,5.0
31,118,5.0
31,119,5.0
31,120,5.0
31,121,5.0
31,122,4.0
31,123,4.0
31,124,4.0
31,125,4.0
31,126,4.0
31,127,4.0
31,128,5.0
31,129,4.0
31,130,5.0
31,131,4.0
31,132,4.0
31,133,4.0
31,134,5.0
31,135,5.0
31,136,5.0
31,137,4.0
31,138,5.0
31,139,5.0
31,140,5.0
31,141,4.0
31,142,4.0
31,143,3.0
31,144,4.0
31,145,4.0
31,146,4.0
31,147,5.0
31,148,5.0
31,149,5.0
31,150,5.0
31,151,5.0
31,152,5.0
32,1,4.0
32,2,3.0
32,3,4.0
32,4,4.0
32,5,4.0
32,6,4.0
32,7,4.0
32,8,4.0
32,9,4.0
32,10,4.0
32,11,4.0
32,12,4.0
32,14,4.0
32,15,4.0
32,16,4.0
32,17,4.0
32,18,4.0
32,19,4.0
32,20,5.0
32,21,4.0
32,22,4.0
32,23,5.0
32,24,5.0
32,25,5.0
32,26,3.0
32,27,4.0
32,28,5.0
32,29,4.0
32,30,4.0
32,31,4.0
32,32,3.0
32,33,3.0
32,34,3.0
32,35,3.0
32,36,4.0
32,37,4.0
32,38,3.0
32,39,4.0
32,40,5.0
32,41,5.0
32,42,4.0
32,43,5.0
32,44,4.0
32,45,4.0
32,46,5.0
32,47,4.0
32,48,4.0
32,49,5.0
32,50,5.0
32,51,4.0
32,53,5.0
32,54,4.0
32,55,3.0
32,56,4.0
32,57,4.0
32,58,4.0
32,59,3.0
32,60,4.0
32,61,4.0
32,62,4.0
32,63,4.0
32,64,4.0
32,65,4.0
32,66,3.0
32,67,3.0
32,68,3.0
32,69,4.0
32,70,4.0
32,71,4.0
32,72,4.0
32,73,4.0
32,74,4.0
32,75,4.0
32,76,4.0
32,77,4.0
32,78,4.0
32,79,4.0
32,80,4.0
32,81,4.0
32,82,4.0
32,83,4.0
32,84,4.0
32,85,3.0
32,86,3.0
32,87,4.0
32,88,4.0
32,89,4.0
32,90,4.0
32,91,3.0
32,92,4.0
32,93,4.0
32,94,4.0
32,95,4.0
32,96,4.0
32,97,4.0
32,98,4.0
32,99,3.0
32,100,3.0
32,101,3.0
32,102,3.0
32,103,3.0
32,104,3.0
32,105,3.0
32,106,3.0
32,107,4.0
32,108,4.0
32,109,3.0
32,110,3.0
32,111,3.0
32,112,3.0
32,113,3.0
32,114,3.0
32,115,4.0
32,116,4.0
32,117,4.0
32,118,3.0
32,119,3.0
32,120,4.0
32,121,4.0
32,122,4.0
32,123,3.0
32,124,4.0
32,125,3.0
32,126,4.0
32,127,4.0
32,128,4.0
32,129,3.0
32,130,3.0
32,131,3.0
32,132,3.0
32,133,3.0
32,134,3.0
32,135,4.0
32,136,4.0
32,137,4.0
32,138,4.0
32,139,4.0
32,140,4.0
32,141,3.0
32,142,3.0
32,143,3.0
32,144,3.0
32,145,3.0
32,146,4.0
32,147,4.0
32,148,4.0
32,149,4.0
32,150,4.0
32,151,4.0
32,152,4.0
33,3,4.0
33,4,3.0
33,6,3.0
33,38,3.0
33,58,3.0
34,1,4.0
34,2,3.0
34,3,5.0
34,4,4.0
34,5,4.0
34,6,5.0
34,7,3.0
34,18,4.0
34,19,5.0
34,20,5.0
34,22,4.0
34,23,5.0
34,25,5.0
34,26,4.0
34,28,5.0
34,36,5.0
34,38,4.0
34,39,4.0
34,41,5.0
34,46,5.0
34,49,4.0
34,55,3.0
34,58,4.0
34,64,4.0
34,72,5.0
34,77,5.0
34,82,5.0
34,87,5.0
34,90,4.0
34,96,4.0
34,151,4.0
35,2,4.0
35,3,3.0
35,7,3.0
35,20,5.0
35,23,5.0
35,25,2.0
35,33,4.0
35,49,5.0
35,53,5.0
35,54,3.0
35,64,5.0
35,72,5.0
35,102,3.0
35,122,5.0
35,129,5.0
35,130,5.0
36,1,4.0
36,2,5.0
36,3,5.0
36,4,4.0
36,5,4.0
36,6,5.0
36,7,5.0
36,8,5.0
36,9,4.0
36,10,4.0
36,11,5.0
36,12,5.0
36,14,5.0
36,15,4.0
36,16,5.0
36,17,4.0
36,18,5.0
36,19,5.0
36,20,5.0
36,21,5.0
36,22,5.0
36,23,5.0
36,24,5.0
36,25,4.0
36,27,3.0
36,28,4.0
36,29,5.0
36,30,4.0
36,31,5.0
36,32,5.0
36,33,4.0
36,34,5.0
36,35,3.0
36,36,4.0
36,37,5.0
36,38,4.0
36,39,5.0
36,40,5.0
36,41,5.0
36,42,5.0
36,43,5.0
36,44,4.0
36,45,5.0
36,46,5.0
36,47,5.0
36,48,5.0
36,49,5.0
36,50,4.0
36,51,5.0
36,53,5.0
36,54,4.0
36,55,4.0
36,56,4.0
36,57,5.0
36,58,3.0
36,59,5.0
36,60,5.0
36,61,5.0
36,62,2.0
36,63,5.0
36,64,4.0
36,65,5.0
36,66,5.0
36,67,5.0
36,68,5.0
36,69,5.0
36,70,3.0
36,71,5.0
36,72,5.0
36,73,5.0
36,74,4.0
36,75,5.0
36,76,4.0
36,77,5.0
36,78,5.0
36,79,5.0
36,80,5.0
36,81,5.0
36,82,4.0
36,83,5.0
36,85,4.0
36,86,5.0
36,87,4.0
36,88,5.0
36,89,5.0
36,90,5.0
36,91,5.0
36,92,5.0
36,93,5.0
36,94,5.0
36,95,5.0
36,96,5.0
36,97,5.0
36,98,5.0
36,99,5.0
36,100,5.0
36,101,5.0
36,102,5.0
36,103,5.0
36,104,5.0
36,105,5.0
36,106,5.0
36,107,4.0
36,108,5.0
36,109,4.0
36,110,5.0
36,111,4.0
36,112,5.0
36,113,5.0
36,114,5.0
36,115,5.0
36,116,4.0
36,117,5.0
36,118,5.0
36,119,5.0
36,120,5.0
36,121,5.0
36,122,5.0
36,123,5.0
36,124,5.0
36,125,5.0
36,126,5.0
36,127,5.0
36,128,3.0
36,129,5.0
36,130,5.0
36,131,5.0
36,132,3.0
36,133,3.0
36,134,4.0
36,135,4.0
36,136,5.0
36,137,5.0
36,138,5.0
36,139,5.0
36,140,2.0
36,141,5.0
36,142,5.0
36,143,5.0
36,144,5.0
36,145,4.0
36,146,5.0
36,147,5.0
36,149,5.0
36,150,5.0
36,151,4.0
36,152,5.0
37,1,3.0
37,2,3.0
37,3,2.0
37,4,4.0
37,5,3.0
37,6,3.0
37,7,3.0
37,8,3.0
37,9,3.0
37,10,5.0
37,11,5.0
37,12,5.0
37,14,5.0
37,15,5.0
37,16,5.0
37,17,4.0
37,18,4.0
37,19,4.0
37,20,2.0
37,21,5.0
37,22,5.0
37,23,5.0
37,24,5.0
37,25,5.0
37,26,3.0
37,27,5.0
37,28,2.0
37,31,5.0
37,33,5.0
37,34,3.0
37,35,3.0
37,36,5.0
37,37,5.0
37,38,2.0
37,39,4.0
37,40,5.0
37,41,5.0
37,42,5.0
37,43,5.0
37,44,5.0
37,45,5.0
37,46,5.0
37,47,4.0
37,48,2.0
37,49,4.0
37,50,5.0
37,51,5.0
37,53,5.0
37,54,2.0
37,55,2.0
37,56,3.0
37,58,3.0
37,59,5.0
37,60,3.0
37,61,5.0
37,62,5.0
37,63,5.0
37,64,5.0
37,65,5.0
37,66,5.0
37,67,5.0
37,68,5.0
37,69,5.0
37,70,5.0
37,71,5.0
37,72,5.0
37,73,3.0
37,74,5.0
37,75,5.0
37,76,5.0
37,77,3.0
37,78,5.0
37,79,4.0
37,80,4.0
37,81,5.0
37,82,5.0
37,83,4.0
37,84,5.0
37,87,5.0
37,88,5.0
37,91,5.0
37,92,5.0
37,93,5.0
37,96,5.0
37,97,5.0
37,98,5.0
37,101,5.0
37,102,5.0
37,103,5.0
37,104,5.0
37,110,3.0
37,115,5.0
37,117,5.0
37,118,5.0
37,120,5.0
37,122,5.0
37,124,4.0
37,125,3.0
37,126,3.0
37,127,5.0
37,128,5.0
37,129,5.0
37,130,5.0
37,134,3.0
37,136,5.0
37,138,5.0
37,140,5.0
37,141,2.0
37,142,5.0
37,143,5.0
37,144,3.0
37,145,4.0
37,147,5.0
37,148,3.0
37,149,5.0
37,150,5.0
37,151,5.0
37,152,5.0
38,1,4.0
38,2,3.0
38,3,5.0
38,4,5.0
38,5,5.0
38,6,5.0
38,7,5.0
38,8,3.0
38,9,3.0
38,10,3.0
38,11,3.0
38,12,3.0
38,14,3.0
38,15,3.0
38,16,3.0
38,17,3.0
38,18,3.0
38,19,3.0
38,20,5.0
38,21,3.0
38,22,3.0
38,23,5.0
38,24,1.0
38,25,3.0
38,26,2.0
38,27,2.0
38,28,5.0
38,29,2.0
38,30,2.0
38,31,2.0
38,32,2.0
38,33,5.0
38,34,3.0
38,35,2.0
38,36,2.0
38,37,2.0
38,38,5.0
38,39,3.0
38,40,5.0
38,41,5.0
38,42,2.0
38,43,4.0
38,44,2.0
38,45,3.0
38,46,5.0
38,47,3.0
38,48,5.0
38,49,5.0
38,50,5.0
38,51,2.0
38,53,5.0
38,54,2.0
38,55,2.0
38,56,5.0
38,57,1.0
38,58,1.0
38,59,2.0
38,60,5.0
38,61,2.0
38,62,2.0
38,63,2.0
38,64,4.0
38,65,2.0
38,66,2.0
38,67,2.0
38,68,4.0
38,69,2.0
38,70,2.0
38,71,2.0
38,72,4.0
38,73,2.0
38,74,2.0
38,75,2.0
38,76,2.0
38,77,5.0
38,78,5.0
38,79,5.0
38,80,5.0
38,81,5.0
38,82,5.0
38,83,3.0
38,84,2.0
38,85,2.0
38,86,2.0
38,87,5.0
38,88,2.0
38,89,2.0
38,90,5.0
38,91,5.0
38,92,2.0
38,93,5.0
38,94,2.0
38,95,5.0
38,96,5.0
38,97,2.0
38,98,2.0
38,99,2.0
38,100,2.0
38,101,2.0
38,102,2.0
38,103,2.0
38,104,2.0
38,105,2.0
38,106,2.0
38,107,5.0
38,108,1.0
38,109,1.0
38,110,2.0
38,111,2.0
38,112,2.0
38,113,2.0
38,114,2.0
38,115,2.0
38,116,2.0
38,117,2.0
38,118,5.0
38,119,1.0
38,120,2.0
38,121,2.0
38,122,5.0
38,123,5.0
38,124,2.0
38,125,1.0
38,126,1.0
38,127,1.0
38,128,1.0
38,129,1.0
38,130,1.0
38,131,3.0
38,132,2.0
38,133,2.0
38,134,2.0
38,135,2.0
38,136,5.0
38,137,5.0
38,138,1.0
38,139,1.0
38,140,2.0
38,141,5.0
38,142,2.0
38,143,5.0
38,144,2.0
38,145,2.0
38,146,2.0
38,147,3.0
38,148,3.0
38,149,3.0
38,150,5.0
38,151,3.0
38,152,3.0
39,1,5.0
39,2,5.0
39,3,5.0
39,4,5.0
39,5,5.0
39,6,5.0
39,7,5.0
39,8,5.0
39,9,5.0
39,10,5.0
39,11,5.0
39,12,5.0
39,14,5.0
39,15,5.0
39,16,5.0
39,17,5.0
39,18,5.0
39,19,5.0
39,20,5.0
39,21,5.0
39,22,5.0
39,23,5.0
39,24,5.0
39,25,5.0
39,26,5.0
39,27,5.0
39,28,5.0
39,29,5.0
39,30,5.0
39,31,5.0
39,32,5.0
39,33,5.0
39,34,5.0
39,35,5.0
39,36,5.0
39,37,5.0
39,38,5.0
39,39,5.0
39,40,5.0
39,41,5.0
39,43,5.0
39,44,5.0
39,46,5.0
39,47,5.0
39,48,5.0
39,49,5.0
39,50,5.0
39,51,5.0
39,53,5.0
39,54,5.0
39,55,5.0
39,56,5.0
39,57,5.0
39,58,5.0
39,59,5.0
39,60,5.0
39,61,5.0
39,62,5.0
39,63,5.0
39,64,5.0
39,65,5.0
39,66,5.0
39,67,5.0
39,68,5.0
39,69,5.0
39,70,5.0
39,71,5.0
39,72,5.0
39,73,5.0
39,74,5.0
39,75,5.0
39,76,5.0
39,77,5.0
39,78,5.0
39,79,5.0
39,80,5.0
39,81,5.0
39,82,5.0
39,83,5.0
39,84,5.0
39,85,5.0
39,86,5.0
39,87,5.0
39,88,5.0
39,89,5.0
39,90,5.0
39,91,5.0
39,92,5.0
39,93,5.0
39,94,5.0
39,95,5.0
39,96,5.0
39,97,5.0
39,98,5.0
39,99,5.0
39,100,5.0
39,101,5.0
39,102,5.0
39,103,5.0
39,104,5.0
39,105,5.0
39,106,5.0
39,107,5.0
39,108,5.0
39,109,5.0
39,110,5.0
39,111,5.0
39,112,5.0
39,113,5.0
39,114,5.0
39,115,5.0
39,116,5.0
39,117,5.0
39,118,5.0
39,119,5.0
39,120,5.0
39,121,5.0
39,122,5.0
39,123,5.0
39,124,5.0
39,125,5.0
39,126,5.0
39,127,5.0
39,128,5.0
39,129,5.0
39,130,5.0
39,131,5.0
39,132,5.0
39,133,5.0
39,134,5.0
39,135,5.0
39,136,5.0
39,137,5.0
39,138,5.0
39,139,5.0
39,140,5.0
39,141,5.0
39,142,5.0
39,143,5.0
39,144,5.0
39,145,5.0
39,146,5.0
39,147,5.0
39,148,5.0
39,149,5.0
39,150,5.0
39,151,5.0
39,152,5.0
40,1,3.0
40,2,4.0
40,3,5.0
40,4,5.0
40,6,5.0
40,7,2.0
40,8,3.0
40,18,3.0
40,23,5.0
40,25,5.0
40,26,2.0
40,31,3.0
40,33,3.0
40,36,3.0
40,38,3.0
40,45,4.0
40,58,4.0
40,59,5.0
40,63,3.0
40,64,3.0
40,72,5.0
40,74,4.0
40,77,3.0
40,79,4.0
40,81,3.0
40,84,4.0
40,87,4.0
40,91,3.0
40,136,3.0
40,138,2.0
40,140,1.0
40,141,3.0
40,145,3.0
40,151,4.0
41,1,5.0
41,2,5.0
41,3,5.0
41,4,5.0
41,5,5.0
41,6,5.0
41,7,5.0
41,8,5.0
41,9,5.0
41,10,4.0
41,11,4.0
41,12,4.0
41,14,4.0
41,15,4.0
41,16,5.0
41,18,5.0
41,19,5.0
41,20,5.0
41,21,5.0
41,22,5.0
41,23,5.0
41,24,5.0
41,25,5.0
41,26,5.0
41,27,5.0
41,28,5.0
41,30,5.0
41,31,5.0
41,33,5.0
41,34,5.0
41,36,5.0
41,37,5.0
41,38,5.0
41,39,5.0
41,40,5.0
41,41,5.0
41,42,5.0
41,43,5.0
41,46,5.0
41,48,5.0
41,49,5.0
41,50,5.0
41,51,5.0
41,53,5.0
41,54,5.0
41,55,5.0
41,58,5.0
41,59,5.0
41,61,5.0
41,62,5.0
41,63,5.0
41,64,5.0
41,65,5.0
41,68,5.0
41,71,5.0
41,72,5.0
41,73,5.0
41,77,5.0
41,79,5.0
41,82,5.0
41,87,5.0
41,90,5.0
41,91,5.0
41,92,5.0
41,93,5.0
41,94,5.0
41,98,5.0
41,99,5.0
41,102,5.0
41,103,5.0
41,104,5.0
41,105,5.0
41,106,1.0
41,107,5.0
41,110,5.0
41,117,5.0
41,120,5.0
41,129,5.0
41,130,5.0
41,134,3.0
41,135,5.0
41,136,5.0
41,137,5.0
41,139,5.0
41,143,5.0
41,144,5.0
41,147,5.0
41,148,5.0
41,149,5.0
41,150,5.0
41,151,5.0
41,152,5.0
42,1,4.0
42,2,3.0
42,3,3.0
42,4,3.0
42,5,3.0
42,6,3.0
42,7,3.0
42,8,3.0
42,9,3.0
42,10,3.0
42,11,3.0
42,12,3.0
42,14,3.0
42,15,4.0
42,16,3.0
42,17,3.0
42,18,3.0
42,19,4.0
42,20,5.0
42,21,3.0
42,22,3.0
42,23,5.0
42,24,3.0
42,25,5.0
42,26,3.0
42,27,3.0
42,28,3.0
42,29,3.0
42,30,3.0
42,31,3.0
42,32,3.0
42,33,3.0
42,34,3.0
42,35,3.0
42,36,3.0
42,37,3.0
42,38,3.0
42,39,3.0
42,40,3.0
42,41,3.0
42,42,2.0
42,43,2.0
42,44,2.0
42,45,2.0
42,46,3.0
42,47,2.0
42,48,2.0
42,49,3.0
42,50,2.0
42,51,2.0
42,53,2.0
42,54,2.0
42,55,2.0
42,56,3.0
42,57,3.0
42,58,3.0
42,59,3.0
42,60,3.0
42,61,3.0
42,62,3.0
42,63,3.0
42,64,3.0
42,65,3.0
42,66,3.0
42,67,3.0
42,68,3.0
42,69,3.0
42,70,3.0
42,71,3.0
42,72,3.0
42,73,3.0
42,74,3.0
42,75,3.0
42,76,3.0
42,77,3.0
42,78,3.0
42,79,3.0
42,80,3.0
42,81,3.0
42,82,3.0
42,83,3.0
42,84,3.0
42,85,3.0
42,86,3.0
42,87,3.0
42,88,3.0
42,89,3.0
42,90,3.0
42,91,3.0
42,92,3.0
42,93,3.0
42,94,3.0
42,95,3.0
42,96,3.0
42,97,3.0
42,98,3.0
42,99,2.0
42,100,3.0
42,101,3.0
42,102,3.0
42,103,3.0
42,104,4.0
42,105,2.0
42,106,2.0
42,107,4.0
42,108,2.0
42,109,2.0
42,110,2.0
42,111,2.0
42,112,2.0
42,113,2.0
42,114,2.0
42,115,3.0
42,116,2.0
42,117,3.0
42,118,3.0
42,119,2.0
42,120,3.0
42,121,3.0
42,122,3.0
42,123,3.0
42,124,3.0
42,125,3.0
42,126,3.0
42,127,3.0
42,128,3.0
42,129,3.0
42,130,3.0
42,131,3.0
42,132,3.0
42,133,3.0
42,134,3.0
42,135,3.0
42,136,4.0
42,137,3.0
42,138,3.0
42,139,3.0
42,140,3.0
42,141,3.0
42,142,3.0
42,143,3.0
42,144,3.0
42,145,4.0
42,146,3.0
42,147,5.0
42,148,5.0
42,149,5.0
42,150,4.0
42,151,4.0
42,152,5.0
43,1,5.0
43,2,3.0
43,3,3.0
43,4,3.0
43,5,3.0
43,6,3.0
43,7,3.0
43,8,3.0
43,9,3.0
43,10,3.0
43,11,3.0
43,12,3.0
43,14,3.0
43,15,3.0
43,16,3.0
43,17,3.0
43,18,3.0
43,19,3.0
43,20,3.0
43,21,3.0
43,22,3.0
43,23,5.0
43,24,4.0
43,25,4.0
43,26,3.0
43,27,3.0
43,28,3.0
43,29,3.0
43,30,3.0
43,31,3.0
43,32,4.0
43,33,4.0
43,34,4.0
43,35,4.0
43,36,4.0
43,37,4.0
43,38,4.0
43,39,4.0
43,40,4.0
43,41,5.0
43,42,4.0
43,43,4.0
43,44,3.0
43,45,3.0
43,46,4.0
43,47,4.0
43,48,4.0
43,49,4.0
43,50,4.0
43,51,3.0
43,53,3.0
43,54,4.0
43,55,3.0
43,56,3.0
43,57,3.0
43,58,4.0
43,59,4.0
43,60,4.0
43,61,3.0
43,62,3.0
43,63,3.0
43,64,3.0
43,65,3.0
43,66,4.0
43,67,4.0
43,68,4.0
43,69,4.0
43,70,4.0
43,71,5.0
43,72,5.0
43,73,5.0
43,74,4.0
43,75,3.0
43,76,4.0
43,77,4.0
43,78,4.0
43,79,4.0
43,80,4.0
43,81,4.0
43,82,5.0
43,83,4.0
43,84,5.0
43,85,4.0
43,86,5.0
43,87,4.0
43,88,4.0
43,89,3.0
43,90,4.0
43,91,4.0
43,92,4.0
43,93,5.0
43,94,5.0
43,95,4.0
43,96,4.0
43,97,4.0
43,98,4.0
43,99,4.0
43,100,4.0
43,101,5.0
43,102,4.0
43,103,4.0
43,104,5.0
43,105,4.0
43,106,4.0
43,107,4.0
43,108,4.0
43,109,3.0
43,110,3.0
43,111,3.0
43,112,4.0
43,113,4.0
43,114,4.0
43,115,4.0
43,116,4.0
43,117,4.0
43,118,4.0
43,119,3.0
43,120,3.0
43,121,3.0
43,122,3.0
43,123,3.0
43,124,3.0
43,125,3.0
43,126,3.0
43,127,3.0
43,128,3.0
43,129,3.0
43,130,3.0
43,131,3.0
43,132,3.0
43,133,3.0
43,134,3.0
43,135,3.0
43,136,3.0
43,137,4.0
43,138,4.0
43,139,3.0
43,140,3.0
43,141,3.0
43,142,3.0
43,143,2.0
43,144,3.0
43,145,4.0
43,146,5.0
43,147,5.0
43,148,5.0
43,149,5.0
43,150,5.0
43,151,5.0
43,152,5.0
44,1,5.0
44,2,4.0
44,3,5.0
44,4,4.0
44,5,4.0
44,6,5.0
44,7,5.0
44,8,4.0
44,9,5.0
44,19,5.0
44,20,5.0
44,23,5.0
44,25,4.0
44,28,5.0
44,31,4.0
44,34,5.0
44,36,5.0
44,38,4.0
44,46,5.0
44,51,4.0
44,58,5.0
44,61,5.0
44,72,5.0
44,83,5.0
44,87,4.0
44,97,5.0
44,117,5.0
44,129,5.0
44,142,5.0
44,147,5.0
44,148,5.0
44,151,5.0
44,152,3.0
45,1,3.0
45,2,4.0
45,3,5.0
45,4,4.0
45,5,5.0
45,6,5.0
45,7,4.0
45,8,5.0
45,9,4.0
45,10,4.0
45,11,4.0
45,12,4.0
45,14,3.0
45,15,3.0
45,16,3.0
45,19,3.0
45,20,3.0
45,24,5.0
45,25,4.0
45,26,4.0
45,27,4.0
45,28,5.0
45,29,4.0
45,31,4.0
45,32,5.0
45,36,5.0
45,37,5.0
45,38,4.0
45,41,4.0
45,46,4.0
45,49,4.0
45,50,4.0
45,53,4.0
45,54,4.0
45,57,5.0
45,58,5.0
45,59,4.0
45,60,4.0
45,64,4.0
45,69,4.0
45,72,4.0
45,74,5.0
45,79,4.0
45,80,4.0
45,82,5.0
45,83,5.0
45,85,4.0
45,87,5.0
45,90,5.0
45,91,5.0
45,96,4.0
45,97,3.0
45,98,5.0
45,99,4.0
45,100,4.0
45,101,4.0
45,102,4.0
45,106,3.0
45,117,4.0
45,120,4.0
45,124,4.0
45,126,4.0
45,127,5.0
45,128,4.0
45,138,4.0
45,142,3.0
45,146,4.0
45,147,4.0
45,148,4.0
45,151,3.0
45,152,5.0
46,1,5.0
46,2,4.0
46,3,4.0
46,4,5.0
46,5,3.0
46,6,4.0
46,7,4.0
46,18,4.0
46,19,4.0
46,23,5.0
46,25,3.0
46,26,4.0
46,28,5.0
46,33,3.0
46,36,4.0
46,37,4.0
46,38,3.0
46,40,3.0
46,41,5.0
46,46,5.0
46,49,5.0
46,54,4.0
46,58,4.0
46,61,3.0
46,64,5.0
46,65,4.0
46,69,4.0
46,72,5.0
46,82,4.0
46,83,4.0
46,84,4.0
46,87,4.0
46,90,5.0
46,91,4.0
46,95,4.0
46,122,4.0
46,130,5.0
46,135,2.0
46,136,3.0
46,137,5.0
46,147,5.0
46,148,5.0
46,149,5.0
46,151,3.0
47,1,5.0
47,2,5.0
47,3,5.0
47,4,5.0
47,5,5.0
47,6,5.0
47,7,5.0
47,8,5.0
47,9,4.0
47,10,5.0
47,11,5.0
47,12,5.0
47,14,4.0
47,15,4.0
47,16,5.0
47,17,5.0
47,18,5.0
47,19,5.0
47,20,5.0
47,21,5.0
47,22,5.0
47,23,5.0
47,24,5.0
47,25,5.0
47,26,4.0
47,27,4.0
47,28,5.0
47,29,4.0
47,30,4.0
47,31,5.0
47,32,4.0
47,33,4.0
47,34,4.0
47,35,4.0
47,36,5.0
47,37,4.0
47,38,4.0
47,39,5.0
47,40,5.0
47,41,5.0
47,42,5.0
47,43,5.0
47,44,5.0
47,45,5.0
47,46,5.0
47,47,4.0
47,48,5.0
47,49,5.0
47,50,5.0
47,51,5.0
47,53,5.0
47,54,3.0
47,55,4.0
47,56,4.0
47,57,4.0
47,58,5.0
47,59,5.0
47,60,5.0
47,61,5.0
47,62,5.0
47,63,5.0
47,64,5.0
47,65,5.0
47,66,5.0
47,67,4.0
47,68,4.0
47,69,4.0
47,70,4.0
47,71,5.0
47,72,5.0
47,73,4.0
47,74,4.0
47,75,4.0
47,76,5.0
47,77,5.0
47,78,5.0
47,79,5.0
47,80,5.0
47,81,5.0
47,82,5.0
47,83,5.0
47,84,5.0
47,85,5.0
47,86,5.0
47,87,5.0
47,88,5.0
47,89,5.0
47,90,5.0
47,91,5.0
47,92,5.0
47,93,5.0
47,94,5.0
47,95,5.0
47,96,5.0
47,97,5.0
47,98,4.0
47,99,4.0
47,100,4.0
47,101,4.0
47,102,4.0
47,103,4.0
47,104,4.0
47,105,4.0
47,106,4.0
47,107,4.0
47,108,4.0
47,109,4.0
47,110,4.0
47,111,5.0
47,112,5.0
47,113,5.0
47,114,5.0
47,115,5.0
47,116,5.0
47,117,5.0
47,118,5.0
47,119,5.0
47,120,5.0
47,121,4.0
47,122,4.0
47,123,4.0
47,124,4.0
47,125,4.0
47,126,4.0
47,127,5.0
47,128,4.0
47,129,4.0
47,130,5.0
47,131,5.0
47,132,4.0
47,133,4.0
47,134,4.0
47,135,4.0
47,136,4.0
47,137,5.0
47,138,5.0
47,139,4.0
47,140,4.0
47,141,4.0
47,142,4.0
47,143,4.0
47,144,4.0
47,145,3.0
47,146,3.0
47,147,5.0
47,148,5.0
47,149,5.0
47,150,4.0
47,151,4.0
47,152,4.0
48,1,4.0
48,2,4.0
48,4,5.0
48,7,4.0
48,18,4.0
48,20,5.0
48,23,5.0
48,25,3.0
48,54,3.0
48,84,4.0
48,90,5.0
48,103,3.0
48,104,3.0
48,122,3.0
48,129,4.0
48,130,5.0
48,136,2.0
48,137,5.0
49,1,3.0
49,2,4.0
49,3,5.0
49,4,5.0
49,5,4.0
49,6,4.0
49,7,4.0
49,23,5.0
49,25,5.0
49,26,3.0
49,28,4.0
49,36,5.0
49,38,4.0
49,39,4.0
49,46,5.0
49,53,4.0
49,54,4.0
49,58,4.0
49,64,3.0
49,82,4.0
49,91,4.0
49,97,4.0
49,130,4.0
49,151,4.0
50,1,5.0
50,2,4.0
50,3,3.0
50,4,5.0
50,5,3.0
50,6,5.0
50,7,5.0
50,8,5.0
50,9,3.0
50,10,3.0
50,11,3.0
50,12,3.0
50,14,3.0
50,15,3.0
50,16,3.0
50,17,3.0
50,18,5.0
50,19,3.0
50,20,5.0
50,21,3.0
50,22,3.0
50,23,5.0
50,24,3.0
50,25,4.0
50,26,3.0
50,27,3.0
50,28,5.0
50,29,3.0
50,30,3.0
50,31,3.0
50,32,3.0
50,33,4.0
50,34,3.0
50,35,3.0
50,36,3.0
50,37,3.0
50,38,3.0
50,39,3.0
50,40,3.0
50,41,3.0
50,42,3.0
50,43,3.0
50,44,3.0
50,45,3.0
50,46,3.0
50,47,3.0
50,48,3.0
50,49,3.0
50,50,3.0
50,51,3.0
50,53,3.0
50,54,3.0
50,55,3.0
50,56,3.0
50,57,3.0
50,58,5.0
50,59,3.0
50,60,3.0
50,61,3.0
50,62,3.0
50,63,3.0
50,64,3.0
50,65,3.0
50,66,3.0
50,67,3.0
50,68,3.0
50,69,3.0
50,70,3.0
50,71,3.0
50,72,3.0
50,73,3.0
50,74,3.0
50,75,3.0
50,76,3.0
50,77,4.0
50,78,3.0
50,79,3.0
50,80,3.0
50,81,3.0
50,82,3.0
50,83,3.0
50,84,3.0
50,85,3.0
50,86,3.0
50,87,5.0
50,88,3.0
50,89,3.0
50,90,3.0
50,91,5.0
50,92,4.0
50,93,3.0
50,94,3.0
50,95,3.0
50,96,3.0
50,97,5.0
50,98,3.0
50,99,3.0
50,100,3.0
50,101,3.0
50,102,3.0
50,103,3.0
50,104,3.0
50,105,3.0
50,106,3.0
50,107,3.0
50,108,3.0
50,109,3.0
50,110,3.0
50,111,3.0
50,112,3.0
50,113,3.0
50,114,3.0
50,115,3.0
50,116,3.0
50,117,3.0
50,118,3.0
50,119,3.0
50,120,3.0
50,121,3.0
50,122,3.0
50,123,3.0
50,124,3.0
50,125,3.0
50,126,3.0
50,127,3.0
50,128,3.0
50,129,3.0
50,130,3.0
50,131,3.0
50,132,3.0
50,133,3.0
50,134,3.0
50,135,3.0
50,136,3.0
50,137,5.0
50,138,3.0
50,139,3.0
50,140,3.0
50,141,3.0
50,142,3.0
50,143,3.0
50,144,3.0
50,145,3.0
50,146,3.0
50,147,3.0
50,148,3.0
50,149,3.0
50,150,3.0
50,151,3.0
50,152,3.0
51,1,4.0
51,2,4.0
51,3,4.0
51,4,4.0
51,5,3.0
51,6,3.0
51,9,4.0
51,12,4.0
51,18,5.0
51,19,4.0
51,20,5.0
51,22,5.0
51,23,5.0
51,25,3.0
51,26,3.0
51,28,4.0
51,31,3.0
51,36,3.0
51,37,4.0
51,39,4.0
51,40,4.0
51,41,5.0
51,42,3.0
51,45,4.0
51,49,4.0
51,50,5.0
51,53,4.0
51,54,4.0
51,58,3.0
51,59,3.0
51,61,3.0
51,62,4.0
51,63,3.0
51,64,4.0
51,65,4.0
51,68,3.0
51,69,4.0
51,72,5.0
51,74,5.0
51,79,5.0
51,82,3.0
51,83,3.0
51,86,3.0
51,87,3.0
51,90,4.0
51,91,4.0
51,92,5.0
51,93,4.0
51,97,5.0
51,98,5.0
51,104,2.0
51,124,5.0
51,125,4.0
51,126,5.0
51,127,5.0
51,128,5.0
51,129,5.0
51,130,4.0
51,136,3.0
51,138,5.0
51,144,4.0
51,145,3.0
51,146,5.0
51,147,4.0
51,148,4.0
51,149,4.0
51,150,4.0
51,151,3.0
51,152,3.0
52,1,4.0
52,2,4.0
52,3,2.0
52,4,4.0
52,6,4.0
52,7,3.0
52,16,4.0
52,18,5.0
52,20,5.0
52,23,5.0
52,25,4.0
52,26,4.0
52,31,4.0
52,33,3.0
52,36,5.0
52,45,4.0
52,53,4.0
52,58,3.0
52,59,4.0
52,65,4.0
52,72,5.0
52,77,4.0
52,79,4.0
52,92,4.0
52,97,4.0
52,104,4.0
52,105,4.0
52,106,3.0
52,122,5.0
52,129,5.0
52,130,5.0
53,1,4.0
53,2,4.0
53,3,5.0
53,4,5.0
53,5,5.0
53,6,4.0
53,7,5.0
53,8,5.0
53,9,4.0
53,10,5.0
53,11,5.0
53,12,5.0
53,14,5.0
53,15,5.0
53,16,4.0
53,17,3.0
53,18,3.0
53,19,3.0
53,20,4.0
53,21,3.0
53,22,3.0
53,23,4.0
53,24,4.0
53,25,4.0
53,26,3.0
53,27,3.0
53,28,5.0
53,29,4.0
53,30,5.0
53,31,4.0
53,32,4.0
53,33,4.0
53,34,4.0
53,35,4.0
53,36,4.0
53,37,4.0
53,38,4.0
53,39,4.0
53,40,4.0
53,41,4.0
53,42,4.0
53,43,4.0
53,44,4.0
53,45,3.0
53,46,5.0
53,47,4.0
53,48,4.0
53,49,4.0
53,50,4.0
53,51,4.0
53,53,3.0
53,54,3.0
53,55,3.0
53,56,4.0
53,57,4.0
53,58,4.0
53,59,4.0
53,60,4.0
53,61,4.0
53,62,4.0
53,63,4.0
53,64,4.0
53,65,4.0
53,66,4.0
53,67,4.0
53,68,3.0
53,69,4.0
53,70,3.0
53,71,4.0
53,72,4.0
53,73,4.0
53,74,5.0
53,75,4.0
53,76,4.0
53,77,5.0
53,78,4.0
53,79,4.0
53,80,4.0
53,81,4.0
53,82,4.0
53,83,4.0
53,84,4.0
53,85,4.0
53,86,5.0
53,87,4.0
53,88,4.0
53,89,4.0
53,90,4.0
53,91,4.0
53,92,4.0
53,93,4.0
53,94,4.0
53,95,4.0
53,96,4.0
53,97,4.0
53,98,4.0
53,99,5.0
53,100,4.0
53,101,4.0
53,102,4.0
53,103,4.0
53,104,4.0
53,105,4.0
53,106,4.0
53,107,4.0
53,108,4.0
53,109,4.0
53,110,4.0
53,111,5.0
53,112,5.0
53,113,5.0
53,114,5.0
53,115,4.0
53,116,4.0
53,117,4.0
53,118,4.0
53,119,4.0
53,120,4.0
53,121,4.0
53,122,4.0
53,123,4.0
53,124,4.0
53,125,4.0
53,126,4.0
53,127,4.0
53,128,4.0
53,129,4.0
53,130,4.0
53,131,4.0
53,132,4.0
53,133,4.0
53,134,4.0
53,135,4.0
53,136,4.0
53,137,4.0
53,138,4.0
53,139,4.0
53,140,3.0
53,141,4.0
53,142,4.0
53,143,4.0
53,144,4.0
53,145,5.0
53,146,4.0
53,147,4.0
53,148,4.0
53,149,4.0
53,150,4.0
53,151,4.0
53,152,4.0
54,1,5.0
54,2,4.0
54,3,3.0
54,4,4.0
54,5,4.0
54,6,3.0
54,7,5.0
54,8,3.0
54,9,3.0
54,10,3.0
54,11,3.0
54,12,3.0
54,14,3.0
54,15,3.0
54,16,3.0
54,17,3.0
54,18,3.0
54,19,3.0
54,20,3.0
54,21,3.0
54,22,3.0
54,23,5.0
54,24,3.0
54,25,4.0
54,26,4.0
54,27,3.0
54,28,3.0
54,29,3.0
54,30,3.0
54,31,4.0
54,32,3.0
54,33,4.0
54,34,3.0
54,35,3.0
54,36,4.0
54,37,3.0
54,38,4.0
54,39,3.0
54,40,3.0
54,41,3.0
54,42,3.0
54,43,3.0
54,44,3.0
54,45,4.0
54,46,3.0
54,47,3.0
54,48,3.0
54,49,3.0
54,50,3.0
54,51,3.0
54,53,3.0
54,54,3.0
54,55,3.0
54,56,3.0
54,57,3.0
54,58,5.0
54,59,4.0
54,60,3.0
54,61,3.0
54,62,3.0
54,63,3.0
54,64,3.0
54,65,3.0
54,66,3.0
54,67,3.0
54,68,4.0
54,69,3.0
54,70,3.0
54,71,3.0
54,72,3.0
54,73,3.0
54,74,3.0
54,75,3.0
54,76,3.0
54,77,4.0
54,78,3.0
54,79,4.0
54,80,3.0
54,81,3.0
54,82,3.0
54,83,3.0
54,84,3.0
54,85,3.0
54,86,3.0
54,87,3.0
54,88,3.0
54,89,3.0
54,90,3.0
54,91,4.0
54,92,3.0
54,93,3.0
54,94,3.0
54,95,3.0
54,96,5.0
54,97,3.0
54,98,3.0
54,99,3.0
54,100,3.0
54,101,3.0
54,102,3.0
54,103,3.0
54,104,3.0
54,105,3.0
54,106,3.0
54,107,3.0
54,108,3.0
54,109,3.0
54,110,3.0
54,111,3.0
54,112,3.0
54,113,3.0
54,114,3.0
54,115,3.0
54,116,3.0
54,117,3.0
54,118,3.0
54,119,3.0
54,120,3.0
54,121,3.0
54,122,4.0
54,123,3.0
54,124,3.0
54,125,3.0
54,126,3.0
54,127,3.0
54,128,3.0
54,129,3.0
54,130,3.0
54,131,3.0
54,132,3.0
54,133,3.0
54,134,3.0
54,135,3.0
54,136,3.0
54,137,3.0
54,138,3.0
54,139,3.0
54,140,3.0
54,141,3.0
54,142,3.0
54,143,3.0
54,144,3.0
54,145,3.0
54,146,3.0
54,147,3.0
54,148,3.0
54,149,3.0
54,150,3.0
54,151,4.0
54,152,3.0
55,1,3.0
55,2,2.0
55,3,4.0
55,4,3.0
55,6,3.0
55,7,4.0
55,23,5.0
55,25,3.0
55,31,4.0
55,32,4.0
55,33,3.0
55,34,3.0
55,35,2.0
55,36,5.0
55,38,3.0
55,39,4.0
55,54,3.0
55,58,3.0
55,82,4.0
55,83,2.0
55,87,4.0
55,90,5.0
55,91,5.0
55,92,4.0
55,98,4.0
55,99,4.0
55,101,4.0
55,102,4.0
55,103,3.0
55,104,3.0
55,105,3.0
55,106,1.0
55,107,4.0
55,110,2.0
55,137,4.0
55,147,5.0
55,148,5.0
55,149,5.0
55,151,4.0
55,152,5.0
56,1,4.0
56,2,2.0
56,3,3.0
56,4,3.0
56,5,3.0
56,6,3.0
56,7,3.0
56,8,4.0
56,9,3.0
56,10,3.0
56,11,3.0
56,12,3.0
56,14,3.0
56,15,3.0
56,16,2.0
56,17,1.0
56,18,3.0
56,19,4.0
56,20,5.0
56,21,3.0
56,22,3.0
56,23,5.0
56,24,1.0
56,25,3.0
56,26,1.0
56,27,1.0
56,28,3.0
56,29,3.0
56,30,3.0
56,31,2.0
56,32,2.0
56,33,2.0
56,34,4.0
56,35,2.0
56,36,5.0
56,37,5.0
56,38,3.0
56,39,5.0
56,40,3.0
56,41,4.0
56,42,3.0
56,43,3.0
56,44,2.0
56,45,3.0
56,46,4.0
56,47,3.0
56,48,2.0
56,49,5.0
56,50,4.0
56,51,4.0
56,53,4.0
56,54,2.0
56,55,3.0
56,56,3.0
56,57,1.0
56,58,2.0
56,59,4.0
56,60,2.0
56,61,4.0
56,62,3.0
56,63,3.0
56,64,3.0
56,65,4.0
56,66,3.0
56,67,3.0
56,68,3.0
56,69,3.0
56,70,3.0
56,71,5.0
56,72,5.0
56,73,3.0
56,74,2.0
56,75,3.0
56,76,3.0
56,77,3.0
56,78,2.0
56,79,2.0
56,80,2.0
56,81,3.0
56,82,5.0
56,83,5.0
56,84,4.0
56,85,3.0
56,86,3.0
56,87,5.0
56,88,4.0
56,89,3.0
56,90,5.0
56,91,5.0
56,92,5.0
56,93,3.0
56,94,3.0
56,95,3.0
56,96,4.0
56,97,4.0
56,98,3.0
56,99,3.0
56,100,2.0
56,101,2.0
56,102,4.0
56,103,5.0
56,104,3.0
56,105,3.0
56,106,3.0
56,107,4.0
56,108,1.0
56,109,1.0
56,110,3.0
56,111,3.0
56,112,2.0
56,113,2.0
56,114,2.0
56,115,3.0
56,116,2.0
56,117,3.0
56,118,4.0
56,119,3.0
56,120,3.0
56,121,4.0
56,122,4.0
56,123,3.0
56,124,3.0
56,125,2.0
56,126,2.0
56,127,3.0
56,128,3.0
56,129,3.0
56,130,3.0
56,131,3.0
56,132,3.0
56,133,3.0
56,134,3.0
56,135,3.0
56,136,3.0
56,137,4.0
56,138,3.0
56,139,3.0
56,140,2.0
56,141,3.0
56,142,3.0
56,143,3.0
56,144,3.0
56,145,3.0
56,146,3.0
56,147,3.0
56,148,3.0
56,149,3.0
56,150,4.0
56,151,4.0
56,152,5.0
57,1,3.0
57,2,3.0
57,3,5.0
57,4,5.0
57,5,3.0
57,6,5.0
57,7,4.0
57,8,4.0
57,9,4.0
57,10,5.0
57,11,5.0
57,12,5.0
57,14,5.0
57,15,3.0
57,16,4.0
57,24,3.0
57,26,1.0
57,27,3.0
57,29,1.0
57,33,4.0
57,34,2.0
57,36,3.0
57,41,5.0
57,43,5.0
57,44,5.0
57,47,3.0
57,49,3.0
57,50,2.0
57,53,5.0
57,55,4.0
57,57,3.0
57,59,2.0
57,63,2.0
57,64,5.0
57,66,4.0
57,71,3.0
57,72,5.0
57,73,5.0
57,74,3.0
57,76,3.0
57,78,2.0
57,82,5.0
57,83,4.0
57,86,3.0
57,87,3.0
57,88,2.0
57,90,3.0
57,91,3.0
57,93,4.0
57,95,2.0
57,97,3.0
57,99,5.0
57,100,4.0
57,101,3.0
57,102,4.0
57,105,5.0
57,106,5.0
57,108,3.0
57,110,3.0
57,112,3.0
57,114,3.0
57,116,3.0
57,118,3.0
57,120,2.0
57,122,1.0
57,123,3.0
57,124,2.0
57,126,1.0
57,127,3.0
57,128,4.0
57,129,2.0
57,130,4.0
57,132,4.0
57,135,1.0
57,136,2.0
57,140,4.0
57,142,2.0
57,143,3.0
57,145,4.0
57,146,5.0
57,148,4.0
57,150,3.0
57,151,3.0
57,152,5.0
58,1,4.0
58,2,5.0
58,3,5.0
58,4,3.0
58,5,4.0
58,6,3.0
58,7,5.0
58,8,4.0
58,9,3.0
58,10,4.0
58,11,4.0
58,12,4.0
58,14,4.0
58,15,4.0
58,16,4.0
58,17,4.0
58,18,5.0
58,19,4.0
58,20,5.0
58,21,5.0
58,22,5.0
58,23,5.0
58,24,4.0
58,25,5.0
58,26,5.0
58,27,3.0
58,28,5.0
58,29,3.0
58,30,4.0
58,31,4.0
58,32,5.0
58,33,3.0
58,34,5.0
58,35,4.0
58,36,4.0
58,37,4.0
58,38,3.0
58,39,1.0
58,40,3.0
58,41,2.0
58,42,3.0
58,43,5.0
58,44,3.0
58,45,2.0
58,46,4.0
58,47,4.0
58,48,5.0
58,49,5.0
58,50,5.0
58,51,5.0
58,53,3.0
58,54,3.0
58,55,3.0
58,56,3.0
58,57,4.0
58,58,4.0
58,59,4.0
58,60,4.0
58,61,3.0
58,62,4.0
58,63,3.0
58,64,4.0
58,65,4.0
58,66,3.0
58,67,4.0
58,68,4.0
58,69,4.0
58,70,4.0
58,71,4.0
58,72,4.0
58,73,4.0
58,74,5.0
58,75,3.0
58,76,4.0
58,77,4.0
58,78,4.0
58,79,3.0
58,80,3.0
58,81,4.0
58,82,4.0
58,83,4.0
58,84,5.0
58,85,5.0
58,86,4.0
58,87,4.0
58,88,5.0
58,89,5.0
58,90,5.0
58,91,5.0
58,92,5.0
58,93,5.0
58,94,5.0
58,95,5.0
58,96,4.0
58,97,5.0
58,98,5.0
58,99,5.0
58,100,5.0
58,101,5.0
58,102,5.0
58,103,5.0
58,104,5.0
58,105,5.0
58,106,3.0
58,107,4.0
58,108,3.0
58,109,3.0
58,110,3.0
58,111,4.0
58,112,4.0
58,113,4.0
58,114,4.0
58,115,4.0
58,116,4.0
58,117,4.0
58,118,3.0
58,119,3.0
58,120,4.0
58,121,4.0
58,122,3.0
58,123,3.0
58,124,3.0
58,125,4.0
58,126,4.0
58,127,3.0
58,128,3.0
58,129,3.0
58,130,4.0
58,131,4.0
58,132,3.0
58,133,2.0
58,134,3.0
58,135,2.0
58,136,2.0
58,137,3.0
58,138,4.0
58,139,3.0
58,140,2.0
58,141,5.0
58,142,3.0
58,143,4.0
58,144,3.0
58,145,5.0
58,146,3.0
58,147,4.0
58,148,3.0
58,149,3.0
58,150,2.0
58,151,5.0
58,152,4.0
